degradation,treatment,plq_amount,plq
Degraded,SG - P. clandestinum,91,original.om
Degraded,SL - A. glucameus,90.5,original.om
Degraded,SO - D. nagchana,85.7,original.om
Degraded,Mixture of three (1G+1L+1O),89.1,original.om
Degraded,Mixture of nine (3G+3L+3O),90.4,original.om
Equilibrium,SG - P. clandestinum,91,original.om
Equilibrium,SL - A. glucameus,90.5,original.om
Equilibrium,SO - D. nagchana,85.7,original.om
Equilibrium,Mixture of three (1G+1L+1O),89.1,original.om
Equilibrium,Mixture of nine (3G+3L+3O),90.4,original.om
Degraded,SG - P. clandestinum,46.26904308605004,original.c
Degraded,SL - A. glucameus,46.858101752123716,original.c
Degraded,SO - D. nagchana,46.644547533996445,original.c
Degraded,Mixture of three (1G+1L+1O),46.59056412405673,original.c
Degraded,Mixture of nine (3G+3L+3O),46.90780746562991,original.c
Equilibrium,SG - P. clandestinum,46.26904308605004,original.c
Equilibrium,SL - A. glucameus,46.858101752123716,original.c
Equilibrium,SO - D. nagchana,46.644547533996445,original.c
Equilibrium,Mixture of three (1G+1L+1O),46.59056412405673,original.c
Equilibrium,Mixture of nine (3G+3L+3O),46.90780746562991,original.c
Degraded,SG - P. clandestinum,1.3,original.n
Degraded,SL - A. glucameus,1.7,original.n
Degraded,SO - D. nagchana,1.8,original.n
Degraded,Mixture of three (1G+1L+1O),1.6,original.n
Degraded,Mixture of nine (3G+3L+3O),1.9330956075992731,original.n
Equilibrium,SG - P. clandestinum,1.3,original.n
Equilibrium,SL - A. glucameus,1.7,original.n
Equilibrium,SO - D. nagchana,1.8,original.n
Equilibrium,Mixture of three (1G+1L+1O),1.6,original.n
Equilibrium,Mixture of nine (3G+3L+3O),1.9330956075992731,original.n
Degraded,SG - P. clandestinum,36.1,original.hemi
Degraded,SL - A. glucameus,24.7,original.hemi
Degraded,SO - D. nagchana,14.4,original.hemi
Degraded,Mixture of three (1G+1L+1O),25.066666666666666,original.hemi
Degraded,Mixture of nine (3G+3L+3O),22.4,original.hemi
Degraded,Mixture of three (1G+1L+1O),25.1,original.hemi
Equilibrium,SG - P. clandestinum,36.1,original.hemi
Equilibrium,SL - A. glucameus,24.7,original.hemi
Equilibrium,SO - D. nagchana,14.4,original.hemi
Equilibrium,Mixture of three (1G+1L+1O),25.1,original.hemi
Equilibrium,Mixture of nine (3G+3L+3O),22.4,original.hemi
Degraded,SG - P. clandestinum,29.1,original.cell
Degraded,SL - A. glucameus,31.5,original.cell
Degraded,SO - D. nagchana,24.1,original.cell
Degraded,Mixture of three (1G+1L+1O),28.233333333333334,original.cell
Degraded,Mixture of nine (3G+3L+3O),27.6,original.cell
Degraded,Mixture of three (1G+1L+1O),28.075000000000003,original.cell
Equilibrium,SG - P. clandestinum,29.1,original.cell
Equilibrium,SL - A. glucameus,31.5,original.cell
Equilibrium,SO - D. nagchana,24.1,original.cell
Equilibrium,Mixture of three (1G+1L+1O),28.075000000000003,original.cell
Equilibrium,Mixture of nine (3G+3L+3O),27.6,original.cell
Degraded,SG - P. clandestinum,3.09633140343,original.lig
Degraded,SL - A. glucameus,5.85011132084642,original.lig
Degraded,SO - D. nagchana,4.66679907770456,original.lig
Degraded,Mixture of three (1G+1L+1O),4.537747267326993,original.lig
Degraded,Mixture of nine (3G+3L+3O),5.49235615557095,original.lig
Degraded,Mixture of three (1G+1L+1O),4.776399489387982,original.lig
Equilibrium,SG - P. clandestinum,3.09633140343,original.lig
Equilibrium,SL - A. glucameus,5.85011132084642,original.lig
Equilibrium,SO - D. nagchana,4.66679907770456,original.lig
Equilibrium,Mixture of three (1G+1L+1O),4.776399489387982,original.lig
Equilibrium,Mixture of nine (3G+3L+3O),5.49235615557095,original.lig
Degraded,SG - P. clandestinum,35.59157160465388,original.cn
Degraded,SL - A. glucameus,27.563589265955127,original.cn
Degraded,SO - D. nagchana,25.91363751888691,original.cn
Degraded,Mixture of three (1G+1L+1O),29.119102577535457,original.cn
Degraded,Mixture of nine (3G+3L+3O),24.26564277588168,original.cn
Equilibrium,SG - P. clandestinum,35.59157160465388,original.cn
Equilibrium,SL - A. glucameus,27.563589265955127,original.cn
Equilibrium,SO - D. nagchana,25.91363751888691,original.cn
Equilibrium,Mixture of three (1G+1L+1O),29.119102577535457,original.cn
Equilibrium,Mixture of nine (3G+3L+3O),24.26564277588168,original.cn
Degraded,SG - P. clandestinum,2.381793387253846,original.ln
Degraded,SL - A. glucameus,3.4412419534390706,original.ln
Degraded,SO - D. nagchana,2.592666154280311,original.ln
Degraded,Mixture of three (1G+1L+1O),2.8360920420793705,original.ln
Degraded,Mixture of nine (3G+3L+3O),2.841223234887979,original.ln
Degraded,Mixture of three (1G+1L+1O),2.9852496808674887,original.ln
Equilibrium,SG - P. clandestinum,2.381793387253846,original.ln
Equilibrium,SL - A. glucameus,3.4412419534390706,original.ln
Equilibrium,SO - D. nagchana,2.592666154280311,original.ln
Equilibrium,Mixture of three (1G+1L+1O),2.9852496808674887,original.ln
Equilibrium,Mixture of nine (3G+3L+3O),2.841223234887979,original.ln
Degraded,SG - P. clandestinum,61.89,om1
Degraded,SL - A. glucameus,61.14,om1
Degraded,SO - D. nagchana,71.3,om1
Degraded,Mixture of three (1G+1L+1O),64.87,om1
Degraded,Mixture of nine (3G+3L+3O),78.5,om1
Degraded,SG - P. clandestinum,93.65,om1
Degraded,SL - A. glucameus,90.17,om1
Degraded,SO - D. nagchana,84.21000000000001,om1
Degraded,Mixture of three (1G+1L+1O),88.57,om1
Degraded,Mixture of nine (3G+3L+3O),90.95,om1
Equilibrium,SG - P. clandestinum,92.08,om1
Equilibrium,SL - A. glucameus,88.92,om1
Equilibrium,SO - D. nagchana,83.67,om1
Equilibrium,Mixture of three (1G+1L+1O),89.28,om1
Equilibrium,Mixture of nine (3G+3L+3O),89.9,om1
Equilibrium,SG - P. clandestinum,70.32,om1
Equilibrium,SL - A. glucameus,64.69,om1
Equilibrium,SO - D. nagchana,63.94,om1
Equilibrium,Mixture of three (1G+1L+1O),66.65,om1
Equilibrium,Mixture of nine (3G+3L+3O),82.62,om1
Degraded,SG - P. clandestinum,93.35,om1
Degraded,SL - A. glucameus,90.08,om1
Degraded,SO - D. nagchana,85.8,om1
Degraded,Mixture of three (1G+1L+1O),89.58,om1
Degraded,Mixture of nine (3G+3L+3O),90.08,om1
Degraded,SG - P. clandestinum,92.21,om1
Degraded,SL - A. glucameus,87.89,om1
Degraded,SO - D. nagchana,83.89,om1
Degraded,Mixture of three (1G+1L+1O),86.78,om1
Degraded,Mixture of nine (3G+3L+3O),75.18,om1
Equilibrium,SG - P. clandestinum,92.66,om1
Equilibrium,SL - A. glucameus,88.62,om1
Equilibrium,SO - D. nagchana,85.48,om1
Equilibrium,Mixture of three (1G+1L+1O),88.27,om1
Equilibrium,Mixture of nine (3G+3L+3O),89.92,om1
Equilibrium,SG - P. clandestinum,92.87,om1
Equilibrium,SL - A. glucameus,88.34,om1
Equilibrium,SO - D. nagchana,86.69,om1
Equilibrium,Mixture of three (1G+1L+1O),93.45,om1
Equilibrium,Mixture of nine (3G+3L+3O),94.6,om1
Degraded,SG - P. clandestinum,29.81,c1
Degraded,SL - A. glucameus,33.37,c1
Degraded,SO - D. nagchana,40.64,c1
Degraded,Mixture of three (1G+1L+1O),34.57,c1
Degraded,Mixture of nine (3G+3L+3O),41.85,c1
Degraded,SG - P. clandestinum,47,c1
Degraded,SL - A. glucameus,49.91,c1
Degraded,SO - D. nagchana,46.96,c1
Degraded,Mixture of three (1G+1L+1O),47.8,c1
Degraded,Mixture of nine (3G+3L+3O),47.98,c1
Equilibrium,SG - P. clandestinum,47.29,c1
Equilibrium,SL - A. glucameus,50.47,c1
Equilibrium,SO - D. nagchana,46.01,c1
Equilibrium,Mixture of three (1G+1L+1O),47.35,c1
Equilibrium,Mixture of nine (3G+3L+3O),47.96,c1
Equilibrium,SG - P. clandestinum,36.07,c1
Equilibrium,SL - A. glucameus,34.27,c1
Equilibrium,SO - D. nagchana,34.76,c1
Equilibrium,Mixture of three (1G+1L+1O),34.74,c1
Equilibrium,Mixture of nine (3G+3L+3O),38.5,c1
Degraded,SG - P. clandestinum,47.52,c1
Degraded,SL - A. glucameus,48.69,c1
Degraded,SO - D. nagchana,47.3,c1
Degraded,Mixture of three (1G+1L+1O),47.51,c1
Degraded,Mixture of nine (3G+3L+3O),47.86,c1
Degraded,SG - P. clandestinum,46.81,c1
Degraded,SL - A. glucameus,46.62,c1
Degraded,SO - D. nagchana,46.01,c1
Degraded,Mixture of three (1G+1L+1O),45.6,c1
Degraded,Mixture of nine (3G+3L+3O),46.19,c1
Equilibrium,SG - P. clandestinum,47.45,c1
Equilibrium,SL - A. glucameus,48.22,c1
Equilibrium,SO - D. nagchana,46.75,c1
Equilibrium,Mixture of three (1G+1L+1O),48.99,c1
Equilibrium,Mixture of nine (3G+3L+3O),48.81,c1
Equilibrium,SG - P. clandestinum,48.66,c1
Equilibrium,SL - A. glucameus,49.89,c1
Equilibrium,SO - D. nagchana,47.8,c1
Equilibrium,Mixture of three (1G+1L+1O),46.62,c1
Equilibrium,Mixture of nine (3G+3L+3O),49.15,c1
Degraded,SG - P. clandestinum,0.88,n1
Degraded,SL - A. glucameus,3,n1
Degraded,SO - D. nagchana,2.62,n1
Degraded,Mixture of three (1G+1L+1O),2.27,n1
Degraded,Mixture of nine (3G+3L+3O),2.29,n1
Degraded,SG - P. clandestinum,1.2,n1
Degraded,SL - A. glucameus,4.01,n1
Degraded,SO - D. nagchana,3.08,n1
Degraded,Mixture of three (1G+1L+1O),3,n1
Degraded,Mixture of nine (3G+3L+3O),2.41,n1
Equilibrium,SG - P. clandestinum,1.42,n1
Equilibrium,SL - A. glucameus,4.57,n1
Equilibrium,SO - D. nagchana,3.4,n1
Equilibrium,Mixture of three (1G+1L+1O),2.71,n1
Equilibrium,Mixture of nine (3G+3L+3O),2.62,n1
Equilibrium,SG - P. clandestinum,1.32,n1
Equilibrium,SL - A. glucameus,3.04,n1
Equilibrium,SO - D. nagchana,2.4,n1
Equilibrium,Mixture of three (1G+1L+1O),2.47,n1
Equilibrium,Mixture of nine (3G+3L+3O),2.73,n1
Degraded,SG - P. clandestinum,1.12,n1
Degraded,SL - A. glucameus,3.72,n1
Degraded,SO - D. nagchana,3.15,n1
Degraded,Mixture of three (1G+1L+1O),2.89,n1
Degraded,Mixture of nine (3G+3L+3O),2.39,n1
Degraded,SG - P. clandestinum,0.98,n1
Degraded,SL - A. glucameus,3.7,n1
Degraded,SO - D. nagchana,3.06,n1
Degraded,Mixture of three (1G+1L+1O),2.24,n1
Degraded,Mixture of nine (3G+3L+3O),2.33,n1
Equilibrium,SG - P. clandestinum,1,n1
Equilibrium,SL - A. glucameus,3.81,n1
Equilibrium,SO - D. nagchana,2.98,n1
Equilibrium,Mixture of three (1G+1L+1O),2.83,n1
Equilibrium,Mixture of nine (3G+3L+3O),2.57,n1
Equilibrium,SG - P. clandestinum,1.24,n1
Equilibrium,SL - A. glucameus,3.72,n1
Equilibrium,SO - D. nagchana,3.12,n1
Equilibrium,Mixture of three (1G+1L+1O),2.44,n1
Equilibrium,Mixture of nine (3G+3L+3O),2.67,n1
Degraded,SG - P. clandestinum,22.26,hemi1
Degraded,SL - A. glucameus,8.76,hemi1
Degraded,SO - D. nagchana,11.13,hemi1
Degraded,Mixture of three (1G+1L+1O),13.87,hemi1
Degraded,Mixture of nine (3G+3L+3O),16.54,hemi1
Degraded,SG - P. clandestinum,37.84,hemi1
Degraded,SL - A. glucameus,11.25,hemi1
Degraded,SO - D. nagchana,11.91,hemi1
Degraded,Mixture of three (1G+1L+1O),20.06,hemi1
Degraded,Mixture of nine (3G+3L+3O),18.41,hemi1
Equilibrium,SG - P. clandestinum,35.6,hemi1
Equilibrium,SL - A. glucameus,10.93,hemi1
Equilibrium,SO - D. nagchana,11.81,hemi1
Equilibrium,Mixture of three (1G+1L+1O),19.61,hemi1
Equilibrium,Mixture of nine (3G+3L+3O),19.74,hemi1
Equilibrium,SG - P. clandestinum,24.57,hemi1
Equilibrium,SL - A. glucameus,10.4,hemi1
Equilibrium,SO - D. nagchana,11.11,hemi1
Equilibrium,Mixture of three (1G+1L+1O),19.77,hemi1
Equilibrium,Mixture of nine (3G+3L+3O),17.09,hemi1
Degraded,SG - P. clandestinum,37.25,hemi1
Degraded,SL - A. glucameus,8.42,hemi1
Degraded,SO - D. nagchana,12.39,hemi1
Degraded,Mixture of three (1G+1L+1O),20.94,hemi1
Degraded,Mixture of nine (3G+3L+3O),18.75,hemi1
Degraded,SG - P. clandestinum,37.2,hemi1
Degraded,SL - A. glucameus,10.67,hemi1
Degraded,SO - D. nagchana,11.54,hemi1
Degraded,Mixture of three (1G+1L+1O),20.61,hemi1
Degraded,Mixture of nine (3G+3L+3O),18.11,hemi1
Equilibrium,SG - P. clandestinum,40.06,hemi1
Equilibrium,SL - A. glucameus,12.94,hemi1
Equilibrium,SO - D. nagchana,13.12,hemi1
Equilibrium,Mixture of three (1G+1L+1O),21.38,hemi1
Equilibrium,Mixture of nine (3G+3L+3O),20.68,hemi1
Equilibrium,SG - P. clandestinum,38.42,hemi1
Equilibrium,SL - A. glucameus,13.51,hemi1
Equilibrium,SO - D. nagchana,14.66,hemi1
Equilibrium,Mixture of three (1G+1L+1O),20.94,hemi1
Equilibrium,Mixture of nine (3G+3L+3O),20.65,hemi1
Degraded,SG - P. clandestinum,20.35,cell1
Degraded,SL - A. glucameus,10.22,cell1
Degraded,SO - D. nagchana,18.91,cell1
Degraded,Mixture of three (1G+1L+1O),13.77,cell1
Degraded,Mixture of nine (3G+3L+3O),19.91,cell1
Degraded,SG - P. clandestinum,33.33,cell1
Degraded,SL - A. glucameus,19.69,cell1
Degraded,SO - D. nagchana,20.81,cell1
Degraded,Mixture of three (1G+1L+1O),22.71,cell1
Degraded,Mixture of nine (3G+3L+3O),27.23,cell1
Equilibrium,SG - P. clandestinum,32.72,cell1
Equilibrium,SL - A. glucameus,15.37,cell1
Equilibrium,SO - D. nagchana,22.95,cell1
Equilibrium,Mixture of three (1G+1L+1O),26.59,cell1
Equilibrium,Mixture of nine (3G+3L+3O),27.48,cell1
Equilibrium,SG - P. clandestinum,20.48,cell1
Equilibrium,SL - A. glucameus,12.53,cell1
Equilibrium,SO - D. nagchana,14.52,cell1
Equilibrium,Mixture of three (1G+1L+1O),16.23,cell1
Equilibrium,Mixture of nine (3G+3L+3O),18.69,cell1
Degraded,SG - P. clandestinum,33.79,cell1
Degraded,SL - A. glucameus,16.57,cell1
Degraded,SO - D. nagchana,25.44,cell1
Degraded,Mixture of three (1G+1L+1O),25.09,cell1
Degraded,Mixture of nine (3G+3L+3O),25.95,cell1
Degraded,SG - P. clandestinum,34.26,cell1
Degraded,SL - A. glucameus,18.83,cell1
Degraded,SO - D. nagchana,22.91,cell1
Degraded,Mixture of three (1G+1L+1O),24.25,cell1
Degraded,Mixture of nine (3G+3L+3O),24.9,cell1
Equilibrium,SG - P. clandestinum,34.08,cell1
Equilibrium,SL - A. glucameus,13.87,cell1
Equilibrium,SO - D. nagchana,22.64,cell1
Equilibrium,Mixture of three (1G+1L+1O),23.6,cell1
Equilibrium,Mixture of nine (3G+3L+3O),23.42,cell1
Equilibrium,SG - P. clandestinum,32.56,cell1
Equilibrium,SL - A. glucameus,16.97,cell1
Equilibrium,SO - D. nagchana,23.5,cell1
Equilibrium,Mixture of three (1G+1L+1O),22.98,cell1
Equilibrium,Mixture of nine (3G+3L+3O),24.01,cell1
Degraded,SG - P. clandestinum,5.96,lig1
Degraded,SL - A. glucameus,13.02,lig1
Degraded,SO - D. nagchana,13.55,lig1
Degraded,Mixture of three (1G+1L+1O),9.05,lig1
Degraded,Mixture of nine (3G+3L+3O),12.48,lig1
Degraded,SG - P. clandestinum,3.47,lig1
Degraded,SL - A. glucameus,9.77,lig1
Degraded,SO - D. nagchana,11.58,lig1
Degraded,Mixture of three (1G+1L+1O),8.59,lig1
Degraded,Mixture of nine (3G+3L+3O),9.27,lig1
Equilibrium,SG - P. clandestinum,5.78,lig1
Equilibrium,SL - A. glucameus,12.27,lig1
Equilibrium,SO - D. nagchana,12.93,lig1
Equilibrium,Mixture of three (1G+1L+1O),9.14,lig1
Equilibrium,Mixture of nine (3G+3L+3O),11.14,lig1
Equilibrium,SG - P. clandestinum,9.64,lig1
Equilibrium,SL - A. glucameus,17.77,lig1
Equilibrium,SO - D. nagchana,17.71,lig1
Equilibrium,Mixture of three (1G+1L+1O),13.99,lig1
Equilibrium,Mixture of nine (3G+3L+3O),16.72,lig1
Degraded,SG - P. clandestinum,4.11,lig1
Degraded,SL - A. glucameus,7.39,lig1
Degraded,SO - D. nagchana,10.68,lig1
Degraded,Mixture of three (1G+1L+1O),7.78,lig1
Degraded,Mixture of nine (3G+3L+3O),10.11,lig1
Degraded,SG - P. clandestinum,4.96,lig1
Degraded,SL - A. glucameus,9.26,lig1
Degraded,SO - D. nagchana,12.41,lig1
Degraded,Mixture of three (1G+1L+1O),8.93,lig1
Degraded,Mixture of nine (3G+3L+3O),10.24,lig1
Equilibrium,SG - P. clandestinum,3.94,lig1
Equilibrium,SL - A. glucameus,9.09,lig1
Equilibrium,SO - D. nagchana,9.52,lig1
Equilibrium,Mixture of three (1G+1L+1O),7.03,lig1
Equilibrium,Mixture of nine (3G+3L+3O),9.8,lig1
Equilibrium,SG - P. clandestinum,3.79,lig1
Equilibrium,SL - A. glucameus,7.02,lig1
Equilibrium,SO - D. nagchana,10.41,lig1
Equilibrium,Mixture of three (1G+1L+1O),6.81,lig1
Equilibrium,Mixture of nine (3G+3L+3O),8.67,lig1
Degraded,SG - P. clandestinum,33.875,cn1
Degraded,SL - A. glucameus,11.123333333333333,cn1
Degraded,SO - D. nagchana,15.511450381679388,cn1
Degraded,Mixture of three (1G+1L+1O),15.229074889867842,cn1
Degraded,Mixture of nine (3G+3L+3O),18.275109170305676,cn1
Degraded,SG - P. clandestinum,39.16666666666667,cn1
Degraded,SL - A. glucameus,12.446384039900249,cn1
Degraded,SO - D. nagchana,15.246753246753247,cn1
Degraded,Mixture of three (1G+1L+1O),15.933333333333332,cn1
Degraded,Mixture of nine (3G+3L+3O),19.908713692946055,cn1
Equilibrium,SG - P. clandestinum,33.30281690140845,cn1
Equilibrium,SL - A. glucameus,11.043763676148796,cn1
Equilibrium,SO - D. nagchana,13.53235294117647,cn1
Equilibrium,Mixture of three (1G+1L+1O),17.472324723247233,cn1
Equilibrium,Mixture of nine (3G+3L+3O),18.30534351145038,cn1
Equilibrium,SG - P. clandestinum,27.325757575757574,cn1
Equilibrium,SL - A. glucameus,11.273026315789474,cn1
Equilibrium,SO - D. nagchana,14.483333333333333,cn1
Equilibrium,Mixture of three (1G+1L+1O),14.064777327935222,cn1
Equilibrium,Mixture of nine (3G+3L+3O),14.102564102564102,cn1
Degraded,SG - P. clandestinum,42.42857142857143,cn1
Degraded,SL - A. glucameus,13.088709677419354,cn1
Degraded,SO - D. nagchana,15.015873015873016,cn1
Degraded,Mixture of three (1G+1L+1O),16.439446366782004,cn1
Degraded,Mixture of nine (3G+3L+3O),20.02510460251046,cn1
Degraded,SG - P. clandestinum,47.76530612244898,cn1
Degraded,SL - A. glucameus,12.599999999999998,cn1
Degraded,SO - D. nagchana,15.0359477124183,cn1
Degraded,Mixture of three (1G+1L+1O),20.357142857142854,cn1
Degraded,Mixture of nine (3G+3L+3O),19.824034334763947,cn1
Equilibrium,SG - P. clandestinum,47.45,cn1
Equilibrium,SL - A. glucameus,12.656167979002625,cn1
Equilibrium,SO - D. nagchana,15.687919463087248,cn1
Equilibrium,Mixture of three (1G+1L+1O),17.31095406360424,cn1
Equilibrium,Mixture of nine (3G+3L+3O),18.99221789883269,cn1
Equilibrium,SG - P. clandestinum,39.24193548387097,cn1
Equilibrium,SL - A. glucameus,13.411290322580644,cn1
Equilibrium,SO - D. nagchana,15.32051282051282,cn1
Equilibrium,Mixture of three (1G+1L+1O),19.106557377049178,cn1
Equilibrium,Mixture of nine (3G+3L+3O),18.408239700374533,cn1
Degraded,SG - P. clandestinum,6.7727272727272725,ln1
Degraded,SL - A. glucameus,4.34,ln1
Degraded,SO - D. nagchana,5.17175572519084,ln1
Degraded,Mixture of three (1G+1L+1O),3.986784140969163,ln1
Degraded,Mixture of nine (3G+3L+3O),5.449781659388647,ln1
Degraded,SG - P. clandestinum,2.891666666666667,ln1
Degraded,SL - A. glucameus,2.43640897755611,ln1
Degraded,SO - D. nagchana,3.75974025974026,ln1
Degraded,Mixture of three (1G+1L+1O),2.8633333333333333,ln1
Degraded,Mixture of nine (3G+3L+3O),3.846473029045643,ln1
Equilibrium,SG - P. clandestinum,4.070422535211268,ln1
Equilibrium,SL - A. glucameus,2.684901531728665,ln1
Equilibrium,SO - D. nagchana,3.802941176470588,ln1
Equilibrium,Mixture of three (1G+1L+1O),3.3726937269372694,ln1
Equilibrium,Mixture of nine (3G+3L+3O),4.251908396946565,ln1
Equilibrium,SG - P. clandestinum,7.303030303030303,ln1
Equilibrium,SL - A. glucameus,5.845394736842105,ln1
Equilibrium,SO - D. nagchana,7.379166666666667,ln1
Equilibrium,Mixture of three (1G+1L+1O),5.663967611336032,ln1
Equilibrium,Mixture of nine (3G+3L+3O),6.124542124542124,ln1
Degraded,SG - P. clandestinum,3.669642857142857,ln1
Degraded,SL - A. glucameus,1.986559139784946,ln1
Degraded,SO - D. nagchana,3.3904761904761904,ln1
Degraded,Mixture of three (1G+1L+1O),2.6920415224913494,ln1
Degraded,Mixture of nine (3G+3L+3O),4.230125523012552,ln1
Degraded,SG - P. clandestinum,5.061224489795919,ln1
Degraded,SL - A. glucameus,2.5027027027027025,ln1
Degraded,SO - D. nagchana,4.055555555555555,ln1
Degraded,Mixture of three (1G+1L+1O),3.9866071428571423,ln1
Degraded,Mixture of nine (3G+3L+3O),4.394849785407725,ln1
Equilibrium,SG - P. clandestinum,3.94,ln1
Equilibrium,SL - A. glucameus,2.385826771653543,ln1
Equilibrium,SO - D. nagchana,3.1946308724832213,ln1
Equilibrium,Mixture of three (1G+1L+1O),2.4840989399293285,ln1
Equilibrium,Mixture of nine (3G+3L+3O),3.8132295719844365,ln1
Equilibrium,SG - P. clandestinum,3.056451612903226,ln1
Equilibrium,SL - A. glucameus,1.8870967741935483,ln1
Equilibrium,SO - D. nagchana,3.3365384615384617,ln1
Equilibrium,Mixture of three (1G+1L+1O),2.790983606557377,ln1
Equilibrium,Mixture of nine (3G+3L+3O),3.247191011235955,ln1
Degraded,SG - P. clandestinum,63.59,om2
Degraded,SL - A. glucameus,65.12,om2
Degraded,SO - D. nagchana,62.65,om2
Degraded,Mixture of three (1G+1L+1O),65.81,om2
Degraded,Mixture of nine (3G+3L+3O),92.88,om2
Degraded,SG - P. clandestinum,87.27,om2
Degraded,SL - A. glucameus,82.97,om2
Degraded,SO - D. nagchana,87.65,om2
Degraded,Mixture of three (1G+1L+1O),88.25,om2
Degraded,Mixture of nine (3G+3L+3O),92.26,om2
Equilibrium,SG - P. clandestinum,86.12,om2
Equilibrium,SL - A. glucameus,81.23,om2
Equilibrium,SO - D. nagchana,85.49,om2
Equilibrium,Mixture of three (1G+1L+1O),86.03999999999999,om2
Equilibrium,Mixture of nine (3G+3L+3O),62.7,om2
Equilibrium,SG - P. clandestinum,59.13,om2
Equilibrium,SL - A. glucameus,58.88,om2
Equilibrium,SO - D. nagchana,61.6,om2
Equilibrium,Mixture of three (1G+1L+1O),63.99,om2
Equilibrium,Mixture of nine (3G+3L+3O),93.21,om2
Degraded,SG - P. clandestinum,89.68,om2
Degraded,SL - A. glucameus,82.82,om2
Degraded,SO - D. nagchana,88.62,om2
Degraded,Mixture of three (1G+1L+1O),89.94,om2
Degraded,Mixture of nine (3G+3L+3O),89.19,om2
Degraded,SG - P. clandestinum,85.7,om2
Degraded,SL - A. glucameus,81.38,om2
Degraded,SO - D. nagchana,85.31,om2
Degraded,Mixture of three (1G+1L+1O),88.64,om2
Degraded,Mixture of nine (3G+3L+3O),93.24,om2
Equilibrium,SG - P. clandestinum,89.9,om2
Equilibrium,SL - A. glucameus,83.78,om2
Equilibrium,SO - D. nagchana,87.89,om2
Equilibrium,Mixture of three (1G+1L+1O),88.63,om2
Equilibrium,Mixture of nine (3G+3L+3O),94.29,om2
Equilibrium,SG - P. clandestinum,89.7,om2
Equilibrium,SL - A. glucameus,84.83,om2
Equilibrium,SO - D. nagchana,82.81,om2
Equilibrium,Mixture of three (1G+1L+1O),87.27,om2
Equilibrium,Mixture of nine (3G+3L+3O),89.82,om2
Degraded,SG - P. clandestinum,31.63,c2
Degraded,SL - A. glucameus,28.7,c2
Degraded,SO - D. nagchana,36.79,c2
Degraded,Mixture of three (1G+1L+1O),34.41,c2
Degraded,Mixture of nine (3G+3L+3O),36.2,c2
Degraded,SG - P. clandestinum,48.05,c2
Degraded,SL - A. glucameus,52.1,c2
Degraded,SO - D. nagchana,47.81,c2
Degraded,Mixture of three (1G+1L+1O),48.84,c2
Degraded,Mixture of nine (3G+3L+3O),49.27,c2
Equilibrium,SG - P. clandestinum,47.87,c2
Equilibrium,SL - A. glucameus,50.25,c2
Equilibrium,SO - D. nagchana,46.1,c2
Equilibrium,Mixture of three (1G+1L+1O),47.18,c2
Equilibrium,Mixture of nine (3G+3L+3O),47.14,c2
Equilibrium,SG - P. clandestinum,31.93,c2
Equilibrium,SL - A. glucameus,31.33,c2
Equilibrium,SO - D. nagchana,45.66,c2
Equilibrium,Mixture of three (1G+1L+1O),29.9,c2
Equilibrium,Mixture of nine (3G+3L+3O),32.4,c2
Degraded,SG - P. clandestinum,48,c2
Degraded,SL - A. glucameus,50.8,c2
Degraded,SO - D. nagchana,47.05,c2
Degraded,Mixture of three (1G+1L+1O),49.34,c2
Degraded,Mixture of nine (3G+3L+3O),48.61,c2
Degraded,SG - P. clandestinum,45.94,c2
Degraded,SL - A. glucameus,48.84,c2
Degraded,SO - D. nagchana,45.86,c2
Degraded,Mixture of three (1G+1L+1O),47.5,c2
Degraded,Mixture of nine (3G+3L+3O),46.75,c2
Equilibrium,SG - P. clandestinum,46.91,c2
Equilibrium,SL - A. glucameus,49.85,c2
Equilibrium,SO - D. nagchana,46.4,c2
Equilibrium,Mixture of three (1G+1L+1O),47.62,c2
Equilibrium,Mixture of nine (3G+3L+3O),47.63,c2
Equilibrium,SG - P. clandestinum,47.22,c2
Equilibrium,SL - A. glucameus,49.98,c2
Equilibrium,SO - D. nagchana,47.08,c2
Equilibrium,Mixture of three (1G+1L+1O),47.49,c2
Equilibrium,Mixture of nine (3G+3L+3O),47.84,c2
Degraded,SG - P. clandestinum,1.03,n2
Degraded,SL - A. glucameus,2.77,n2
Degraded,SO - D. nagchana,2.91,n2
Degraded,Mixture of three (1G+1L+1O),2.41,n2
Degraded,Mixture of nine (3G+3L+3O),2.27,n2
Degraded,SG - P. clandestinum,1.63,n2
Degraded,SL - A. glucameus,4.78,n2
Degraded,SO - D. nagchana,3.24,n2
Degraded,Mixture of three (1G+1L+1O),3.07,n2
Degraded,Mixture of nine (3G+3L+3O),3.19,n2
Equilibrium,SG - P. clandestinum,1.28,n2
Equilibrium,SL - A. glucameus,5.07,n2
Equilibrium,SO - D. nagchana,3.39,n2
Equilibrium,Mixture of three (1G+1L+1O),3.28,n2
Equilibrium,Mixture of nine (3G+3L+3O),2.42,n2
Equilibrium,SG - P. clandestinum,1.35,n2
Equilibrium,SL - A. glucameus,3.55,n2
Equilibrium,SO - D. nagchana,3.21,n2
Equilibrium,Mixture of three (1G+1L+1O),2.03,n2
Equilibrium,Mixture of nine (3G+3L+3O),2.37,n2
Degraded,SG - P. clandestinum,1.18,n2
Degraded,SL - A. glucameus,4.48,n2
Degraded,SO - D. nagchana,3.06,n2
Degraded,Mixture of three (1G+1L+1O),2.8,n2
Degraded,Mixture of nine (3G+3L+3O),2.67,n2
Degraded,SG - P. clandestinum,1.12,n2
Degraded,SL - A. glucameus,4.33,n2
Degraded,SO - D. nagchana,3.25,n2
Degraded,Mixture of three (1G+1L+1O),2.79,n2
Degraded,Mixture of nine (3G+3L+3O),2.55,n2
Equilibrium,SG - P. clandestinum,1.37,n2
Equilibrium,SL - A. glucameus,4.33,n2
Equilibrium,SO - D. nagchana,3.09,n2
Equilibrium,Mixture of three (1G+1L+1O),2.87,n2
Equilibrium,Mixture of nine (3G+3L+3O),2.65,n2
Equilibrium,SG - P. clandestinum,1.39,n2
Equilibrium,SL - A. glucameus,3.92,n2
Equilibrium,SO - D. nagchana,2.93,n2
Equilibrium,Mixture of three (1G+1L+1O),3.35,n2
Equilibrium,Mixture of nine (3G+3L+3O),2.62,n2
Degraded,SG - P. clandestinum,22.85,hemi2
Degraded,SL - A. glucameus,9.03,hemi2
Degraded,SO - D. nagchana,9.53,hemi2
Degraded,Mixture of three (1G+1L+1O),12.94,hemi2
Degraded,Mixture of nine (3G+3L+3O),14.37,hemi2
Degraded,SG - P. clandestinum,34.4,hemi2
Degraded,SL - A. glucameus,9.99,hemi2
Degraded,SO - D. nagchana,12.83,hemi2
Degraded,Mixture of three (1G+1L+1O),20.75,hemi2
Degraded,Mixture of nine (3G+3L+3O),18.04,hemi2
Equilibrium,SG - P. clandestinum,34.64,hemi2
Equilibrium,SL - A. glucameus,9.72,hemi2
Equilibrium,SO - D. nagchana,12.62,hemi2
Equilibrium,Mixture of three (1G+1L+1O),16.79,hemi2
Equilibrium,Mixture of nine (3G+3L+3O),16.44,hemi2
Equilibrium,SG - P. clandestinum,20.49,hemi2
Equilibrium,SL - A. glucameus,8.24,hemi2
Equilibrium,SO - D. nagchana,13.28,hemi2
Equilibrium,Mixture of three (1G+1L+1O),14.45,hemi2
Equilibrium,Mixture of nine (3G+3L+3O),13.17,hemi2
Degraded,SG - P. clandestinum,34.94,hemi2
Degraded,SL - A. glucameus,11.54,hemi2
Degraded,SO - D. nagchana,11.62,hemi2
Degraded,Mixture of three (1G+1L+1O),20.12,hemi2
Degraded,Mixture of nine (3G+3L+3O),19.17,hemi2
Degraded,SG - P. clandestinum,32.97,hemi2
Degraded,SL - A. glucameus,12.33,hemi2
Degraded,SO - D. nagchana,11.31,hemi2
Degraded,Mixture of three (1G+1L+1O),21.28,hemi2
Degraded,Mixture of nine (3G+3L+3O),19.71,hemi2
Equilibrium,SG - P. clandestinum,35.68,hemi2
Equilibrium,SL - A. glucameus,10.66,hemi2
Equilibrium,SO - D. nagchana,12.43,hemi2
Equilibrium,Mixture of three (1G+1L+1O),19.1,hemi2
Equilibrium,Mixture of nine (3G+3L+3O),19.19,hemi2
Equilibrium,SG - P. clandestinum,34.98,hemi2
Equilibrium,SL - A. glucameus,11.9,hemi2
Equilibrium,SO - D. nagchana,13.35,hemi2
Equilibrium,Mixture of three (1G+1L+1O),20.99,hemi2
Equilibrium,Mixture of nine (3G+3L+3O),18.93,hemi2
Degraded,SG - P. clandestinum,19.86,cell2
Degraded,SL - A. glucameus,10.46,cell2
Degraded,SO - D. nagchana,13.45,cell2
Degraded,Mixture of three (1G+1L+1O),13.77,cell2
Degraded,Mixture of nine (3G+3L+3O),17.4,cell2
Degraded,SG - P. clandestinum,31.82,cell2
Degraded,SL - A. glucameus,13.56,cell2
Degraded,SO - D. nagchana,22.41,cell2
Degraded,Mixture of three (1G+1L+1O),23.45,cell2
Degraded,Mixture of nine (3G+3L+3O),24.18,cell2
Equilibrium,SG - P. clandestinum,32.75,cell2
Equilibrium,SL - A. glucameus,11.92,cell2
Equilibrium,SO - D. nagchana,20.71,cell2
Equilibrium,Mixture of three (1G+1L+1O),19.5,cell2
Equilibrium,Mixture of nine (3G+3L+3O),24.91,cell2
Equilibrium,SG - P. clandestinum,17.94,cell2
Equilibrium,SL - A. glucameus,8.86,cell2
Equilibrium,SO - D. nagchana,18.5,cell2
Equilibrium,Mixture of three (1G+1L+1O),14.85,cell2
Equilibrium,Mixture of nine (3G+3L+3O),14.01,cell2
Degraded,SG - P. clandestinum,33.59,cell2
Degraded,SL - A. glucameus,18.01,cell2
Degraded,SO - D. nagchana,21.79,cell2
Degraded,Mixture of three (1G+1L+1O),24.7,cell2
Degraded,Mixture of nine (3G+3L+3O),27.56,cell2
Degraded,SG - P. clandestinum,31.58,cell2
Degraded,SL - A. glucameus,17.8,cell2
Degraded,SO - D. nagchana,19.65,cell2
Degraded,Mixture of three (1G+1L+1O),22.54,cell2
Degraded,Mixture of nine (3G+3L+3O),24.6,cell2
Equilibrium,SG - P. clandestinum,32.44,cell2
Equilibrium,SL - A. glucameus,17.1,cell2
Equilibrium,SO - D. nagchana,20.99,cell2
Equilibrium,Mixture of three (1G+1L+1O),22.53,cell2
Equilibrium,Mixture of nine (3G+3L+3O),25.76,cell2
Equilibrium,SG - P. clandestinum,33.25,cell2
Equilibrium,SL - A. glucameus,17.42,cell2
Equilibrium,SO - D. nagchana,22.18,cell2
Equilibrium,Mixture of three (1G+1L+1O),20.23,cell2
Equilibrium,Mixture of nine (3G+3L+3O),26.4,cell2
Degraded,SG - P. clandestinum,7.74,lig2
Degraded,SL - A. glucameus,19.24,lig2
Degraded,SO - D. nagchana,14.73,lig2
Degraded,Mixture of three (1G+1L+1O),13.8,lig2
Degraded,Mixture of nine (3G+3L+3O),14.86,lig2
Degraded,SG - P. clandestinum,6.81,lig2
Degraded,SL - A. glucameus,13.52,lig2
Degraded,SO - D. nagchana,14.77,lig2
Degraded,Mixture of three (1G+1L+1O),11.43,lig2
Degraded,Mixture of nine (3G+3L+3O),13.41,lig2
Equilibrium,SG - P. clandestinum,6.29,lig2
Equilibrium,SL - A. glucameus,16.54,lig2
Equilibrium,SO - D. nagchana,15.42,lig2
Equilibrium,Mixture of three (1G+1L+1O),11.85,lig2
Equilibrium,Mixture of nine (3G+3L+3O),13.06,lig2
Equilibrium,SG - P. clandestinum,7.88,lig2
Equilibrium,SL - A. glucameus,22.22,lig2
Equilibrium,SO - D. nagchana,23.48,lig2
Equilibrium,Mixture of three (1G+1L+1O),14.6,lig2
Equilibrium,Mixture of nine (3G+3L+3O),17.31,lig2
Degraded,SG - P. clandestinum,4.95,lig2
Degraded,SL - A. glucameus,9.83,lig2
Degraded,SO - D. nagchana,12.9,lig2
Degraded,Mixture of three (1G+1L+1O),10.19,lig2
Degraded,Mixture of nine (3G+3L+3O),11.07,lig2
Degraded,SG - P. clandestinum,5.97,lig2
Degraded,SL - A. glucameus,14.7,lig2
Degraded,SO - D. nagchana,14.62,lig2
Degraded,Mixture of three (1G+1L+1O),11.45,lig2
Degraded,Mixture of nine (3G+3L+3O),12.75,lig2
Equilibrium,SG - P. clandestinum,5.5,lig2
Equilibrium,SL - A. glucameus,13.86,lig2
Equilibrium,SO - D. nagchana,14.48,lig2
Equilibrium,Mixture of three (1G+1L+1O),11.36,lig2
Equilibrium,Mixture of nine (3G+3L+3O),11.69,lig2
Equilibrium,SG - P. clandestinum,5.96,lig2
Equilibrium,SL - A. glucameus,11.87,lig2
Equilibrium,SO - D. nagchana,14.84,lig2
Equilibrium,Mixture of three (1G+1L+1O),12.15,lig2
Equilibrium,Mixture of nine (3G+3L+3O),11.59,lig2
Degraded,SG - P. clandestinum,30.70873786407767,cn2
Degraded,SL - A. glucameus,10.36101083032491,cn2
Degraded,SO - D. nagchana,12.642611683848797,cn2
Degraded,Mixture of three (1G+1L+1O),14.278008298755184,cn2
Degraded,Mixture of nine (3G+3L+3O),15.947136563876652,cn2
Degraded,SG - P. clandestinum,29.478527607361965,cn2
Degraded,SL - A. glucameus,10.899581589958158,cn2
Degraded,SO - D. nagchana,14.756172839506172,cn2
Degraded,Mixture of three (1G+1L+1O),15.908794788273617,cn2
Degraded,Mixture of nine (3G+3L+3O),15.445141065830722,cn2
Equilibrium,SG - P. clandestinum,37.3984375,cn2
Equilibrium,SL - A. glucameus,9.911242603550296,cn2
Equilibrium,SO - D. nagchana,13.59882005899705,cn2
Equilibrium,Mixture of three (1G+1L+1O),14.384146341463415,cn2
Equilibrium,Mixture of nine (3G+3L+3O),19.479338842975206,cn2
Equilibrium,SG - P. clandestinum,23.65185185185185,cn2
Equilibrium,SL - A. glucameus,8.825352112676056,cn2
Equilibrium,SO - D. nagchana,14.22429906542056,cn2
Equilibrium,Mixture of three (1G+1L+1O),14.729064039408868,cn2
Equilibrium,Mixture of nine (3G+3L+3O),13.670886075949365,cn2
Degraded,SG - P. clandestinum,40.67796610169492,cn2
Degraded,SL - A. glucameus,11.339285714285712,cn2
Degraded,SO - D. nagchana,15.375816993464051,cn2
Degraded,Mixture of three (1G+1L+1O),17.621428571428574,cn2
Degraded,Mixture of nine (3G+3L+3O),18.205992509363295,cn2
Degraded,SG - P. clandestinum,41.01785714285714,cn2
Degraded,SL - A. glucameus,11.27944572748268,cn2
Degraded,SO - D. nagchana,14.11076923076923,cn2
Degraded,Mixture of three (1G+1L+1O),17.025089605734767,cn2
Degraded,Mixture of nine (3G+3L+3O),18.333333333333336,cn2
Equilibrium,SG - P. clandestinum,34.240875912408754,cn2
Equilibrium,SL - A. glucameus,11.51270207852194,cn2
Equilibrium,SO - D. nagchana,15.016181229773464,cn2
Equilibrium,Mixture of three (1G+1L+1O),16.592334494773517,cn2
Equilibrium,Mixture of nine (3G+3L+3O),17.973584905660378,cn2
Equilibrium,SG - P. clandestinum,33.97122302158274,cn2
Equilibrium,SL - A. glucameus,12.75,cn2
Equilibrium,SO - D. nagchana,16.068259385665527,cn2
Equilibrium,Mixture of three (1G+1L+1O),14.176119402985075,cn2
Equilibrium,Mixture of nine (3G+3L+3O),18.259541984732824,cn2
Degraded,SG - P. clandestinum,7.514563106796117,ln2
Degraded,SL - A. glucameus,6.945848375451263,ln2
Degraded,SO - D. nagchana,5.061855670103093,ln2
Degraded,Mixture of three (1G+1L+1O),5.726141078838174,ln2
Degraded,Mixture of nine (3G+3L+3O),6.546255506607929,ln2
Degraded,SG - P. clandestinum,4.177914110429448,ln2
Degraded,SL - A. glucameus,2.828451882845188,ln2
Degraded,SO - D. nagchana,4.558641975308642,ln2
Degraded,Mixture of three (1G+1L+1O),3.723127035830619,ln2
Degraded,Mixture of nine (3G+3L+3O),4.2037617554858935,ln2
Equilibrium,SG - P. clandestinum,4.9140625,ln2
Equilibrium,SL - A. glucameus,3.26232741617357,ln2
Equilibrium,SO - D. nagchana,4.548672566371681,ln2
Equilibrium,Mixture of three (1G+1L+1O),3.6128048780487805,ln2
Equilibrium,Mixture of nine (3G+3L+3O),5.3966942148760335,ln2
Equilibrium,SG - P. clandestinum,5.837037037037036,ln2
Equilibrium,SL - A. glucameus,6.2591549295774644,ln2
Equilibrium,SO - D. nagchana,7.314641744548287,ln2
Equilibrium,Mixture of three (1G+1L+1O),7.192118226600986,ln2
Equilibrium,Mixture of nine (3G+3L+3O),7.303797468354429,ln2
Degraded,SG - P. clandestinum,4.194915254237289,ln2
Degraded,SL - A. glucameus,2.1941964285714284,ln2
Degraded,SO - D. nagchana,4.215686274509804,ln2
Degraded,Mixture of three (1G+1L+1O),3.6392857142857142,ln2
Degraded,Mixture of nine (3G+3L+3O),4.146067415730338,ln2
Degraded,SG - P. clandestinum,5.330357142857142,ln2
Degraded,SL - A. glucameus,3.394919168591224,ln2
Degraded,SO - D. nagchana,4.498461538461538,ln2
Degraded,Mixture of three (1G+1L+1O),4.103942652329748,ln2
Degraded,Mixture of nine (3G+3L+3O),5,ln2
Equilibrium,SG - P. clandestinum,4.014598540145985,ln2
Equilibrium,SL - A. glucameus,3.2009237875288683,ln2
Equilibrium,SO - D. nagchana,4.686084142394822,ln2
Equilibrium,Mixture of three (1G+1L+1O),3.958188153310104,ln2
Equilibrium,Mixture of nine (3G+3L+3O),4.411320754716981,ln2
Equilibrium,SG - P. clandestinum,4.287769784172662,ln2
Equilibrium,SL - A. glucameus,3.0280612244897958,ln2
Equilibrium,SO - D. nagchana,5.064846416382252,ln2
Equilibrium,Mixture of three (1G+1L+1O),3.626865671641791,ln2
Equilibrium,Mixture of nine (3G+3L+3O),4.423664122137405,ln2
Degraded,SG - P. clandestinum,60.39,om3
Degraded,SL - A. glucameus,57.78,om3
Degraded,SO - D. nagchana,63,om3
Degraded,Mixture of three (1G+1L+1O),60.31,om3
Degraded,Mixture of nine (3G+3L+3O),66.27000000000001,om3
Degraded,SG - P. clandestinum,92.55,om3
Degraded,SL - A. glucameus,90,om3
Degraded,SO - D. nagchana,82.62,om3
Degraded,Mixture of three (1G+1L+1O),86.4,om3
Degraded,Mixture of nine (3G+3L+3O),88.72,om3
Equilibrium,SG - P. clandestinum,90.85,om3
Equilibrium,SL - A. glucameus,87.77,om3
Equilibrium,SO - D. nagchana,80.92,om3
Equilibrium,Mixture of three (1G+1L+1O),85.71000000000001,om3
Equilibrium,Mixture of nine (3G+3L+3O),87.16,om3
Equilibrium,SG - P. clandestinum,68.03999999999999,om3
Equilibrium,SL - A. glucameus,61.74,om3
Equilibrium,SO - D. nagchana,62.12,om3
Equilibrium,Mixture of three (1G+1L+1O),62.8,om3
Equilibrium,Mixture of nine (3G+3L+3O),64.97,om3
Degraded,SG - P. clandestinum,93.18,om3
Degraded,SL - A. glucameus,89.41,om3
Degraded,SO - D. nagchana,83.65,om3
Degraded,Mixture of three (1G+1L+1O),88.93,om3
Degraded,Mixture of nine (3G+3L+3O),89.59,om3
Degraded,SG - P. clandestinum,86.25,om3
Degraded,SL - A. glucameus,84.08,om3
Degraded,SO - D. nagchana,81.47,om3
Degraded,Mixture of three (1G+1L+1O),86.31,om3
Degraded,Mixture of nine (3G+3L+3O),83.18,om3
Equilibrium,SG - P. clandestinum,92.51,om3
Equilibrium,SL - A. glucameus,90,om3
Equilibrium,SO - D. nagchana,81.67,om3
Equilibrium,Mixture of three (1G+1L+1O),86.52,om3
Equilibrium,Mixture of nine (3G+3L+3O),88.92,om3
Equilibrium,SG - P. clandestinum,92.2,om3
Equilibrium,SL - A. glucameus,88.61,om3
Equilibrium,SO - D. nagchana,85.11,om3
Equilibrium,Mixture of three (1G+1L+1O),87.62,om3
Equilibrium,Mixture of nine (3G+3L+3O),89.83,om3
Degraded,SG - P. clandestinum,29.48,c3
Degraded,SL - A. glucameus,29.6,c3
Degraded,SO - D. nagchana,33.84,c3
Degraded,Mixture of three (1G+1L+1O),30.32,c3
Degraded,Mixture of nine (3G+3L+3O),35.15,c3
Degraded,SG - P. clandestinum,47.31,c3
Degraded,SL - A. glucameus,49.29,c3
Degraded,SO - D. nagchana,46.35,c3
Degraded,Mixture of three (1G+1L+1O),47.64,c3
Degraded,Mixture of nine (3G+3L+3O),47.75,c3
Equilibrium,SG - P. clandestinum,45.32,c3
Equilibrium,SL - A. glucameus,49.68,c3
Equilibrium,SO - D. nagchana,44.25,c3
Equilibrium,Mixture of three (1G+1L+1O),47.41,c3
Equilibrium,Mixture of nine (3G+3L+3O),46.89,c3
Equilibrium,SG - P. clandestinum,33.27,c3
Equilibrium,SL - A. glucameus,31.76,c3
Equilibrium,SO - D. nagchana,32.78,c3
Equilibrium,Mixture of three (1G+1L+1O),32.16,c3
Equilibrium,Mixture of nine (3G+3L+3O),33.87,c3
Degraded,SG - P. clandestinum,47.76,c3
Degraded,SL - A. glucameus,50.59,c3
Degraded,SO - D. nagchana,46.38,c3
Degraded,Mixture of three (1G+1L+1O),47.51,c3
Degraded,Mixture of nine (3G+3L+3O),48.84,c3
Degraded,SG - P. clandestinum,44.12,c3
Degraded,SL - A. glucameus,46.36,c3
Degraded,SO - D. nagchana,45.27,c3
Degraded,Mixture of three (1G+1L+1O),45.92,c3
Degraded,Mixture of nine (3G+3L+3O),46.56,c3
Equilibrium,SG - P. clandestinum,45.42,c3
Equilibrium,SL - A. glucameus,49.83,c3
Equilibrium,SO - D. nagchana,45.95,c3
Equilibrium,Mixture of nine (3G+3L+3O),47.67,c3
Equilibrium,SG - P. clandestinum,47.13,c3
Equilibrium,SL - A. glucameus,52.66,c3
Equilibrium,SO - D. nagchana,47.06,c3
Equilibrium,Mixture of three (1G+1L+1O),47.66,c3
Equilibrium,Mixture of nine (3G+3L+3O),48.11,c3
Degraded,SG - P. clandestinum,1.02,n3
Degraded,SL - A. glucameus,3.02,n3
Degraded,SO - D. nagchana,2.72,n3
Degraded,Mixture of three (1G+1L+1O),2.44,n3
Degraded,Mixture of nine (3G+3L+3O),2.35,n3
Degraded,SG - P. clandestinum,1.66,n3
Degraded,SL - A. glucameus,3.59,n3
Degraded,SO - D. nagchana,3.24,n3
Degraded,Mixture of three (1G+1L+1O),3.36,n3
Degraded,Mixture of nine (3G+3L+3O),2.87,n3
Equilibrium,SG - P. clandestinum,1.38,n3
Equilibrium,SL - A. glucameus,4.62,n3
Equilibrium,SO - D. nagchana,3.26,n3
Equilibrium,Mixture of three (1G+1L+1O),3.09,n3
Equilibrium,Mixture of nine (3G+3L+3O),2.87,n3
Equilibrium,SG - P. clandestinum,1.4,n3
Equilibrium,SL - A. glucameus,3.27,n3
Equilibrium,SO - D. nagchana,2.56,n3
Equilibrium,Mixture of three (1G+1L+1O),2.37,n3
Equilibrium,Mixture of nine (3G+3L+3O),2.35,n3
Degraded,SG - P. clandestinum,1.39,n3
Degraded,SL - A. glucameus,4.48,n3
Degraded,SO - D. nagchana,3.41,n3
Degraded,Mixture of three (1G+1L+1O),2.97,n3
Degraded,Mixture of nine (3G+3L+3O),2.83,n3
Degraded,SG - P. clandestinum,1.31,n3
Degraded,SL - A. glucameus,4.6,n3
Degraded,SO - D. nagchana,3.44,n3
Degraded,Mixture of three (1G+1L+1O),3.22,n3
Degraded,Mixture of nine (3G+3L+3O),2.89,n3
Equilibrium,SG - P. clandestinum,1.3,n3
Equilibrium,SL - A. glucameus,4.12,n3
Equilibrium,SO - D. nagchana,3.2,n3
Equilibrium,Mixture of three (1G+1L+1O),3.24,n3
Equilibrium,Mixture of nine (3G+3L+3O),3.06,n3
Equilibrium,SG - P. clandestinum,1.28,n3
Equilibrium,SL - A. glucameus,4.66,n3
Equilibrium,SO - D. nagchana,3.46,n3
Equilibrium,Mixture of three (1G+1L+1O),3.41,n3
Equilibrium,Mixture of nine (3G+3L+3O),2.79,n3
Degraded,SG - P. clandestinum,20.84,hemi3
Degraded,SL - A. glucameus,10.14,hemi3
Degraded,SO - D. nagchana,10.24,hemi3
Degraded,Mixture of three (1G+1L+1O),13.82,hemi3
Degraded,Mixture of nine (3G+3L+3O),14.36,hemi3
Degraded,SG - P. clandestinum,34.52,hemi3
Degraded,SL - A. glucameus,13.57,hemi3
Degraded,SO - D. nagchana,13.13,hemi3
Degraded,Mixture of three (1G+1L+1O),18.85,hemi3
Degraded,Mixture of nine (3G+3L+3O),19.44,hemi3
Equilibrium,SG - P. clandestinum,34.82,hemi3
Equilibrium,SL - A. glucameus,10.88,hemi3
Equilibrium,SO - D. nagchana,12.06,hemi3
Equilibrium,Mixture of three (1G+1L+1O),17.55,hemi3
Equilibrium,Mixture of nine (3G+3L+3O),16.98,hemi3
Equilibrium,SG - P. clandestinum,24.08,hemi3
Equilibrium,SL - A. glucameus,9.98,hemi3
Equilibrium,SO - D. nagchana,11.5,hemi3
Equilibrium,Mixture of three (1G+1L+1O),15.74,hemi3
Equilibrium,Mixture of nine (3G+3L+3O),13.98,hemi3
Degraded,SG - P. clandestinum,35.59,hemi3
Degraded,SL - A. glucameus,10.48,hemi3
Degraded,SO - D. nagchana,13.01,hemi3
Degraded,Mixture of three (1G+1L+1O),21.6,hemi3
Degraded,Mixture of nine (3G+3L+3O),19.08,hemi3
Degraded,SG - P. clandestinum,29.79,hemi3
Degraded,SL - A. glucameus,13.22,hemi3
Degraded,SO - D. nagchana,13.51,hemi3
Degraded,Mixture of three (1G+1L+1O),20.63,hemi3
Degraded,Mixture of nine (3G+3L+3O),18.03,hemi3
Equilibrium,SG - P. clandestinum,34.99,hemi3
Equilibrium,SL - A. glucameus,12.08,hemi3
Equilibrium,SO - D. nagchana,9.81,hemi3
Equilibrium,Mixture of three (1G+1L+1O),19.76,hemi3
Equilibrium,Mixture of nine (3G+3L+3O),19.64,hemi3
Equilibrium,SG - P. clandestinum,36.44,hemi3
Equilibrium,SL - A. glucameus,13,hemi3
Equilibrium,SO - D. nagchana,13.45,hemi3
Equilibrium,Mixture of three (1G+1L+1O),19.86,hemi3
Equilibrium,Mixture of nine (3G+3L+3O),18.31,hemi3
Degraded,SG - P. clandestinum,17.89,cell3
Degraded,SL - A. glucameus,8.87,cell3
Degraded,SO - D. nagchana,12.76,cell3
Degraded,Mixture of three (1G+1L+1O),12.01,cell3
Degraded,Mixture of nine (3G+3L+3O),15.49,cell3
Degraded,SG - P. clandestinum,30.27,cell3
Degraded,SL - A. glucameus,20.07,cell3
Degraded,SO - D. nagchana,19.31,cell3
Degraded,Mixture of three (1G+1L+1O),18.86,cell3
Degraded,Mixture of nine (3G+3L+3O),22.6,cell3
Equilibrium,SG - P. clandestinum,31.01,cell3
Equilibrium,SL - A. glucameus,14.74,cell3
Equilibrium,SO - D. nagchana,16.92,cell3
Equilibrium,Mixture of three (1G+1L+1O),18.71,cell3
Equilibrium,Mixture of nine (3G+3L+3O),23.17,cell3
Equilibrium,SG - P. clandestinum,18.33,cell3
Equilibrium,SL - A. glucameus,10.32,cell3
Equilibrium,SO - D. nagchana,14.79,cell3
Equilibrium,Mixture of three (1G+1L+1O),13.98,cell3
Equilibrium,Mixture of nine (3G+3L+3O),15.63,cell3
Degraded,SG - P. clandestinum,30.94,cell3
Degraded,SL - A. glucameus,13.51,cell3
Degraded,SO - D. nagchana,19.15,cell3
Degraded,Mixture of three (1G+1L+1O),22.16,cell3
Degraded,Mixture of nine (3G+3L+3O),23.25,cell3
Degraded,SG - P. clandestinum,26.34,cell3
Degraded,SL - A. glucameus,13.83,cell3
Degraded,SO - D. nagchana,18.63,cell3
Degraded,Mixture of three (1G+1L+1O),19.26,cell3
Degraded,Mixture of nine (3G+3L+3O),21.51,cell3
Equilibrium,SG - P. clandestinum,30.9,cell3
Equilibrium,SL - A. glucameus,16.98,cell3
Equilibrium,SO - D. nagchana,14.63,cell3
Equilibrium,Mixture of three (1G+1L+1O),19.48,cell3
Equilibrium,Mixture of nine (3G+3L+3O),24.05,cell3
Equilibrium,SG - P. clandestinum,30.27,cell3
Equilibrium,SL - A. glucameus,16.85,cell3
Equilibrium,SO - D. nagchana,18.48,cell3
Equilibrium,Mixture of three (1G+1L+1O),19.14,cell3
Equilibrium,Mixture of nine (3G+3L+3O),24.25,cell3
Degraded,SG - P. clandestinum,8.91,lig3
Degraded,SL - A. glucameus,18.87,lig3
Degraded,SO - D. nagchana,15.95,lig3
Degraded,Mixture of three (1G+1L+1O),14.02,lig3
Degraded,Mixture of nine (3G+3L+3O),15.62,lig3
Degraded,SG - P. clandestinum,6.09,lig3
Degraded,SL - A. glucameus,13.23,lig3
Degraded,SO - D. nagchana,16.12,lig3
Degraded,Mixture of three (1G+1L+1O),11.77,lig3
Degraded,Mixture of nine (3G+3L+3O),14.23,lig3
Equilibrium,SG - P. clandestinum,7.48,lig3
Equilibrium,SL - A. glucameus,15.82,lig3
Equilibrium,SO - D. nagchana,16.46,lig3
Equilibrium,Mixture of three (1G+1L+1O),12.31,lig3
Equilibrium,Mixture of nine (3G+3L+3O),14.82,lig3
Equilibrium,SG - P. clandestinum,12.88,lig3
Equilibrium,SL - A. glucameus,22.63,lig3
Equilibrium,SO - D. nagchana,17.34,lig3
Equilibrium,Mixture of three (1G+1L+1O),17.76,lig3
Equilibrium,Mixture of nine (3G+3L+3O),18.65,lig3
Degraded,SG - P. clandestinum,6.57,lig3
Degraded,SL - A. glucameus,14.91,lig3
Degraded,SO - D. nagchana,16.2,lig3
Degraded,Mixture of three (1G+1L+1O),13.37,lig3
Degraded,Mixture of nine (3G+3L+3O),13.45,lig3
Degraded,SG - P. clandestinum,7.91,lig3
Degraded,SL - A. glucameus,18.25,lig3
Degraded,SO - D. nagchana,17.36,lig3
Degraded,Mixture of three (1G+1L+1O),13.35,lig3
Degraded,Mixture of nine (3G+3L+3O),15.37,lig3
Equilibrium,SG - P. clandestinum,6.2,lig3
Equilibrium,SL - A. glucameus,15.36,lig3
Equilibrium,SO - D. nagchana,12.64,lig3
Equilibrium,Mixture of three (1G+1L+1O),13.68,lig3
Equilibrium,Mixture of nine (3G+3L+3O),13.76,lig3
Equilibrium,SG - P. clandestinum,6.18,lig3
Equilibrium,SL - A. glucameus,17.94,lig3
Equilibrium,SO - D. nagchana,17.39,lig3
Equilibrium,Mixture of three (1G+1L+1O),12.59,lig3
Equilibrium,Mixture of nine (3G+3L+3O),13.84,lig3
Degraded,SG - P. clandestinum,28.901960784313726,cn3
Degraded,SL - A. glucameus,9.801324503311259,cn3
Degraded,SO - D. nagchana,12.441176470588236,cn3
Degraded,Mixture of three (1G+1L+1O),12.426229508196721,cn3
Degraded,Mixture of nine (3G+3L+3O),14.957446808510637,cn3
Degraded,SG - P. clandestinum,28.500000000000004,cn3
Degraded,SL - A. glucameus,13.729805013927576,cn3
Degraded,SO - D. nagchana,14.305555555555555,cn3
Degraded,Mixture of three (1G+1L+1O),14.178571428571429,cn3
Degraded,Mixture of nine (3G+3L+3O),16.637630662020904,cn3
Equilibrium,SG - P. clandestinum,32.84057971014493,cn3
Equilibrium,SL - A. glucameus,10.753246753246753,cn3
Equilibrium,SO - D. nagchana,13.573619631901842,cn3
Equilibrium,Mixture of three (1G+1L+1O),15.343042071197411,cn3
Equilibrium,Mixture of nine (3G+3L+3O),16.337979094076655,cn3
Equilibrium,SG - P. clandestinum,23.76428571428572,cn3
Equilibrium,SL - A. glucameus,9.712538226299694,cn3
Equilibrium,SO - D. nagchana,12.8046875,cn3
Equilibrium,Mixture of three (1G+1L+1O),13.569620253164555,cn3
Equilibrium,Mixture of nine (3G+3L+3O),14.412765957446807,cn3
Degraded,SG - P. clandestinum,34.35971223021583,cn3
Degraded,SL - A. glucameus,11.292410714285714,cn3
Degraded,SO - D. nagchana,13.60117302052786,cn3
Degraded,Mixture of three (1G+1L+1O),15.996632996632995,cn3
Degraded,Mixture of nine (3G+3L+3O),17.257950530035338,cn3
Degraded,SG - P. clandestinum,33.679389312977094,cn3
Degraded,SL - A. glucameus,10.078260869565218,cn3
Degraded,SO - D. nagchana,13.159883720930234,cn3
Degraded,Mixture of three (1G+1L+1O),14.26086956521739,cn3
Degraded,Mixture of nine (3G+3L+3O),16.110726643598618,cn3
Equilibrium,SG - P. clandestinum,34.93846153846154,cn3
Equilibrium,SL - A. glucameus,12.094660194174757,cn3
Equilibrium,SO - D. nagchana,14.359375,cn3
Equilibrium,Mixture of three (1G+1L+1O),14.632716049382713,cn3
Equilibrium,Mixture of nine (3G+3L+3O),15.57843137254902,cn3
Equilibrium,SG - P. clandestinum,36.8203125,cn3
Equilibrium,SL - A. glucameus,11.300429184549355,cn3
Equilibrium,SO - D. nagchana,13.601156069364162,cn3
Equilibrium,Mixture of three (1G+1L+1O),13.976539589442813,cn3
Equilibrium,Mixture of nine (3G+3L+3O),17.24372759856631,cn3
Degraded,SG - P. clandestinum,8.735294117647058,ln3
Degraded,SL - A. glucameus,6.248344370860927,ln3
Degraded,SO - D. nagchana,5.8639705882352935,ln3
Degraded,Mixture of three (1G+1L+1O),5.745901639344262,ln3
Degraded,Mixture of nine (3G+3L+3O),6.646808510638297,ln3
Degraded,SG - P. clandestinum,3.6686746987951806,ln3
Degraded,SL - A. glucameus,3.6852367688022287,ln3
Degraded,SO - D. nagchana,4.9753086419753085,ln3
Degraded,Mixture of three (1G+1L+1O),3.5029761904761907,ln3
Degraded,Mixture of nine (3G+3L+3O),4.958188153310105,ln3
Equilibrium,SG - P. clandestinum,5.420289855072465,ln3
Equilibrium,SL - A. glucameus,3.4242424242424243,ln3
Equilibrium,SO - D. nagchana,5.049079754601228,ln3
Equilibrium,Mixture of three (1G+1L+1O),3.9838187702265375,ln3
Equilibrium,Mixture of nine (3G+3L+3O),5.16376306620209,ln3
Equilibrium,SG - P. clandestinum,9.200000000000001,ln3
Equilibrium,SL - A. glucameus,6.920489296636085,ln3
Equilibrium,SO - D. nagchana,6.7734375,ln3
Equilibrium,Mixture of three (1G+1L+1O),7.493670886075949,ln3
Equilibrium,Mixture of nine (3G+3L+3O),7.936170212765957,ln3
Degraded,SG - P. clandestinum,4.726618705035972,ln3
Degraded,SL - A. glucameus,3.3281249999999996,ln3
Degraded,SO - D. nagchana,4.750733137829911,ln3
Degraded,Mixture of three (1G+1L+1O),4.501683501683501,ln3
Degraded,Mixture of nine (3G+3L+3O),4.752650176678445,ln3
Degraded,SG - P. clandestinum,6.038167938931298,ln3
Degraded,SL - A. glucameus,3.9673913043478266,ln3
Degraded,SO - D. nagchana,5.046511627906977,ln3
Degraded,Mixture of three (1G+1L+1O),4.145962732919254,ln3
Degraded,Mixture of nine (3G+3L+3O),5.31833910034602,ln3
Equilibrium,SG - P. clandestinum,4.769230769230769,ln3
Equilibrium,SL - A. glucameus,3.728155339805825,ln3
Equilibrium,SO - D. nagchana,3.95,ln3
Equilibrium,Mixture of three (1G+1L+1O),4.222222222222221,ln3
Equilibrium,Mixture of nine (3G+3L+3O),4.496732026143791,ln3
Equilibrium,SG - P. clandestinum,4.828125,ln3
Equilibrium,SL - A. glucameus,3.849785407725322,ln3
Equilibrium,SO - D. nagchana,5.026011560693642,ln3
Equilibrium,Mixture of three (1G+1L+1O),3.69208211143695,ln3
Equilibrium,Mixture of nine (3G+3L+3O),4.960573476702509,ln3
Degraded,SG - P. clandestinum,48.9033396289593,om4
Degraded,SL - A. glucameus,57.7681979471111,om4
Degraded,SO - D. nagchana,48.4206197778989,om4
Degraded,Mixture of three (1G+1L+1O),51.2729010988799,om4
Degraded,Mixture of nine (3G+3L+3O),52.6244118783661,om4
Degraded,SG - P. clandestinum,91.21190986924215,om4
Degraded,SL - A. glucameus,87.7188009241647,om4
Degraded,SO - D. nagchana,81.2757201646088,om4
Degraded,Mixture of three (1G+1L+1O),85.7193249986967,om4
Degraded,Mixture of nine (3G+3L+3O),86.1636683439081,om4
Equilibrium,SG - P. clandestinum,90.3753610282249,om4
Equilibrium,SL - A. glucameus,87.7162785394902,om4
Equilibrium,SO - D. nagchana,82.38654395430069,om4
Equilibrium,Mixture of three (1G+1L+1O),84.3551061436956,om4
Equilibrium,Mixture of nine (3G+3L+3O),85.580468070286,om4
Equilibrium,SG - P. clandestinum,55.4331360165186,om4
Equilibrium,SL - A. glucameus,53.8018587340589,om4
Equilibrium,SO - D. nagchana,55.7276960755452,om4
Equilibrium,Mixture of three (1G+1L+1O),52.1800202797797,om4
Equilibrium,Mixture of nine (3G+3L+3O),52.582822327891,om4
Degraded,SG - P. clandestinum,91.69151923439524,om4
Degraded,SL - A. glucameus,89.2191424172948,om4
Degraded,SO - D. nagchana,83.4097583024213,om4
Degraded,Mixture of three (1G+1L+1O),87.3276233087934,om4
Degraded,Mixture of nine (3G+3L+3O),87.2518786488153,om4
Degraded,SG - P. clandestinum,71.5209622120906,om4
Degraded,SL - A. glucameus,67.0203887844468,om4
Degraded,SO - D. nagchana,75.3051609489159,om4
Degraded,Mixture of three (1G+1L+1O),78.5441468841108,om4
Degraded,Mixture of nine (3G+3L+3O),78.9465197842946,om4
Equilibrium,SG - P. clandestinum,85.1238406253813,om4
Equilibrium,SL - A. glucameus,81.0449574726606,om4
Equilibrium,SO - D. nagchana,82.93550914135321,om4
Equilibrium,Mixture of three (1G+1L+1O),74.1288543494607,om4
Equilibrium,Mixture of nine (3G+3L+3O),86.5954411336488,om4
Equilibrium,SG - P. clandestinum,89.8251936304547,om4
Equilibrium,SL - A. glucameus,88.0502331577018,om4
Equilibrium,SO - D. nagchana,80.198957839887,om4
Equilibrium,Mixture of three (1G+1L+1O),85.8808829654314,om4
Equilibrium,Mixture of nine (3G+3L+3O),86.7133212986912,om4
Degraded,SG - P. clandestinum,22.461149624509137,c4
Degraded,SL - A. glucameus,27.712158800616567,c4
Degraded,SO - D. nagchana,22.011470700725035,c4
Degraded,Mixture of three (1G+1L+1O),24.918318102062926,c4
Degraded,Mixture of nine (3G+3L+3O),24.51113223998924,c4
Degraded,SG - P. clandestinum,48.50404935286012,c4
Degraded,SL - A. glucameus,50.675530985144725,c4
Degraded,SO - D. nagchana,43.884039517013875,c4
Degraded,Mixture of three (1G+1L+1O),47.01929397616299,c4
Degraded,Mixture of nine (3G+3L+3O),47.63618358266581,c4
Equilibrium,SG - P. clandestinum,47.7749538265098,c4
Equilibrium,SL - A. glucameus,49.76589047199027,c4
Equilibrium,SO - D. nagchana,45.10836851151589,c4
Equilibrium,Mixture of three (1G+1L+1O),46.506341679752275,c4
Equilibrium,Mixture of nine (3G+3L+3O),46.23728514577805,c4
Equilibrium,SG - P. clandestinum,25.55403909738638,c4
Equilibrium,SL - A. glucameus,25.47536379927891,c4
Equilibrium,SO - D. nagchana,25.53396874256119,c4
Equilibrium,Mixture of three (1G+1L+1O),23.745864310945347,c4
Equilibrium,Mixture of nine (3G+3L+3O),23.96054736430768,c4
Degraded,SG - P. clandestinum,46.91192106131075,c4
Degraded,SL - A. glucameus,50.30901751339851,c4
Degraded,SO - D. nagchana,45.84493517211473,c4
Degraded,Mixture of three (1G+1L+1O),48.01487958351543,c4
Degraded,Mixture of nine (3G+3L+3O),47.417408589919695,c4
Degraded,SG - P. clandestinum,36.280023071963534,c4
Degraded,SL - A. glucameus,34.57173267290865,c4
Degraded,SO - D. nagchana,38.760926327529916,c4
Degraded,Mixture of three (1G+1L+1O),41.95386089621159,c4
Degraded,Mixture of nine (3G+3L+3O),41.404032760842966,c4
Equilibrium,SG - P. clandestinum,43.41613740190676,c4
Equilibrium,SL - A. glucameus,45.22996701582324,c4
Equilibrium,SO - D. nagchana,41.68740381280431,c4
Equilibrium,Mixture of three (1G+1L+1O),44.97039126318659,c4
Equilibrium,Mixture of nine (3G+3L+3O),47.29766293743048,c4
Equilibrium,SG - P. clandestinum,46.76339319258246,c4
Equilibrium,SL - A. glucameus,49.160344817260054,c4
Equilibrium,SO - D. nagchana,43.50614036418791,c4
Equilibrium,Mixture of three (1G+1L+1O),47.71884269662923,c4
Equilibrium,Mixture of nine (3G+3L+3O),47.107948649241386,c4
Degraded,SG - P. clandestinum,1.1812395274772718,n4
Degraded,SL - A. glucameus,2.7991261640893166,n4
Degraded,SO - D. nagchana,1.958879946617622,n4
Degraded,Mixture of three (1G+1L+1O),2.077861895327434,n4
Degraded,Mixture of nine (3G+3L+3O),1.8415335118169567,n4
Degraded,SG - P. clandestinum,1.5545018677561433,n4
Degraded,SL - A. glucameus,5.1218079094346125,n4
Degraded,SO - D. nagchana,3.869328210757374,n4
Degraded,Mixture of three (1G+1L+1O),4.045076839006123,n4
Degraded,Mixture of nine (3G+3L+3O),3.673886834687696,n4
Equilibrium,SG - P. clandestinum,1.853112329482234,n4
Equilibrium,SL - A. glucameus,4.800764515576525,n4
Equilibrium,SO - D. nagchana,3.570736163630106,n4
Equilibrium,Mixture of three (1G+1L+1O),3.862454756317146,n4
Equilibrium,Mixture of nine (3G+3L+3O),3.4045987280339816,n4
Equilibrium,SG - P. clandestinum,1.765831838623737,n4
Equilibrium,SL - A. glucameus,2.856999092317545,n4
Equilibrium,SO - D. nagchana,2.444261547752466,n4
Equilibrium,Mixture of three (1G+1L+1O),2.111773569327308,n4
Equilibrium,Mixture of nine (3G+3L+3O),2.1840684240242307,n4
Degraded,SG - P. clandestinum,1.9290873318388282,n4
Degraded,SL - A. glucameus,4.842256645338008,n4
Degraded,SO - D. nagchana,3.7252574731396306,n4
Degraded,Mixture of three (1G+1L+1O),4.028458035834033,n4
Degraded,Mixture of nine (3G+3L+3O),3.462939117659307,n4
Degraded,SG - P. clandestinum,1.5866340785089175,n4
Degraded,SL - A. glucameus,3.4506859992365273,n4
Degraded,SO - D. nagchana,3.0345454767114313,n4
Degraded,Mixture of three (1G+1L+1O),3.2993580290314806,n4
Degraded,Mixture of nine (3G+3L+3O),3.0143121372125,n4
Equilibrium,SG - P. clandestinum,1.8367191585090148,n4
Equilibrium,SL - A. glucameus,4.268338087809203,n4
Equilibrium,SO - D. nagchana,3.7089904139669296,n4
Equilibrium,Mixture of three (1G+1L+1O),3.698214092507457,n4
Equilibrium,Mixture of nine (3G+3L+3O),3.503612431807324,n4
Equilibrium,SG - P. clandestinum,2.2433028036335885,n4
Equilibrium,SL - A. glucameus,4.360079179978357,n4
Equilibrium,SO - D. nagchana,3.9668007081436283,n4
Equilibrium,Mixture of three (1G+1L+1O),4.074707865168541,n4
Equilibrium,Mixture of nine (3G+3L+3O),3.6907842726828397,n4
Degraded,SG - P. clandestinum,14.5758413603632,hemi4
Degraded,SL - A. glucameus,8.98440570908694,hemi4
Degraded,SO - D. nagchana,8.02625757711216,hemi4
Degraded,Mixture of three (1G+1L+1O),10.7822342569064,hemi4
Degraded,Mixture of nine (3G+3L+3O),10.3572910040301,hemi4
Degraded,SG - P. clandestinum,33.046749099128,hemi4
Degraded,SL - A. glucameus,10.9041947852117,hemi4
Degraded,SO - D. nagchana,13.1613240613609,hemi4
Degraded,Mixture of three (1G+1L+1O),18.4387238521295,hemi4
Degraded,Mixture of nine (3G+3L+3O),16.4160180059937,hemi4
Equilibrium,SG - P. clandestinum,30.8998465102923,hemi4
Equilibrium,SL - A. glucameus,13.2469416301083,hemi4
Equilibrium,SO - D. nagchana,15.4223760790264,hemi4
Equilibrium,Mixture of three (1G+1L+1O),18.1953337767729,hemi4
Equilibrium,Mixture of nine (3G+3L+3O),17.4553467883013,hemi4
Equilibrium,SG - P. clandestinum,18.5439338453429,hemi4
Equilibrium,SL - A. glucameus,10.7608170238251,hemi4
Equilibrium,SO - D. nagchana,13.7082428856901,hemi4
Equilibrium,Mixture of three (1G+1L+1O),13.5693100371846,hemi4
Equilibrium,Mixture of nine (3G+3L+3O),12.1027682006132,hemi4
Degraded,SG - P. clandestinum,29.9989859877234,hemi4
Degraded,SL - A. glucameus,11.0831616443543,hemi4
Degraded,SO - D. nagchana,13.7163371517845,hemi4
Degraded,Mixture of three (1G+1L+1O),19.3783114841232,hemi4
Degraded,Mixture of nine (3G+3L+3O),17.8103864942386,hemi4
Degraded,SG - P. clandestinum,25.4633491054767,hemi4
Degraded,SL - A. glucameus,8.83940320187819,hemi4
Degraded,SO - D. nagchana,13.3718338966409,hemi4
Degraded,Mixture of three (1G+1L+1O),15.5025292624953,hemi4
Degraded,Mixture of nine (3G+3L+3O),15.4246006858412,hemi4
Equilibrium,SG - P. clandestinum,27.5452940301337,hemi4
Equilibrium,SL - A. glucameus,9.13384990873129,hemi4
Equilibrium,SO - D. nagchana,12.7398217162865,hemi4
Equilibrium,Mixture of three (1G+1L+1O),15.3956962118796,hemi4
Equilibrium,Mixture of nine (3G+3L+3O),16.3244795852208,hemi4
Equilibrium,SG - P. clandestinum,28.0097332802767,hemi4
Equilibrium,SL - A. glucameus,11.7129630581728,hemi4
Equilibrium,SO - D. nagchana,13.1037069921894,hemi4
Equilibrium,Mixture of three (1G+1L+1O),16.9577786691955,hemi4
Equilibrium,Mixture of nine (3G+3L+3O),15.5345906469083,hemi4
Degraded,SG - P. clandestinum,10.8655705026564,cell4
Degraded,SL - A. glucameus,7.77735804420613,cell4
Degraded,SO - D. nagchana,7.86147561108229,cell4
Degraded,Mixture of three (1G+1L+1O),7.82823522644875,cell4
Degraded,Mixture of nine (3G+3L+3O),9.64130624433322,cell4
Degraded,SG - P. clandestinum,28.8567441540289,cell4
Degraded,SL - A. glucameus,11.2070423873284,cell4
Degraded,SO - D. nagchana,13.8218283485053,cell4
Degraded,Mixture of three (1G+1L+1O),14.320069925624,cell4
Degraded,Mixture of nine (3G+3L+3O),17.3905356543526,cell4
Equilibrium,SG - P. clandestinum,25.6869256875466,cell4
Equilibrium,SL - A. glucameus,13.25249812056,cell4
Equilibrium,SO - D. nagchana,17.1267402410726,cell4
Equilibrium,Mixture of three (1G+1L+1O),15.0926655818252,cell4
Equilibrium,Mixture of nine (3G+3L+3O),18.103229334091,cell4
Equilibrium,SG - P. clandestinum,13.3615982852173,cell4
Equilibrium,SL - A. glucameus,6.80152667854034,cell4
Equilibrium,SO - D. nagchana,10.1004379319297,cell4
Equilibrium,Mixture of three (1G+1L+1O),9.84286463026742,cell4
Equilibrium,Mixture of nine (3G+3L+3O),9.88861976942957,cell4
Degraded,SG - P. clandestinum,27.9712181076114,cell4
Degraded,SL - A. glucameus,12.7653783866106,cell4
Degraded,SO - D. nagchana,16.766706294163,cell4
Degraded,Mixture of three (1G+1L+1O),16.6685703295231,cell4
Degraded,Mixture of nine (3G+3L+3O),19.2788510849038,cell4
Degraded,SG - P. clandestinum,20.9570374849001,cell4
Degraded,SL - A. glucameus,8.67434244513392,cell4
Degraded,SO - D. nagchana,16.2714438042972,cell4
Degraded,Mixture of three (1G+1L+1O),15.5216933917592,cell4
Degraded,Mixture of nine (3G+3L+3O),16.8150844034854,cell4
Equilibrium,SG - P. clandestinum,24.9347933104122,cell4
Equilibrium,SL - A. glucameus,9.36251841007475,cell4
Equilibrium,SO - D. nagchana,13.6774865890329,cell4
Equilibrium,Mixture of three (1G+1L+1O),13.660724989319,cell4
Equilibrium,Mixture of nine (3G+3L+3O),18.3623906863629,cell4
Equilibrium,SG - P. clandestinum,23.2729986085071,cell4
Equilibrium,SL - A. glucameus,14.2258190960959,cell4
Equilibrium,SO - D. nagchana,13.9019690758503,cell4
Equilibrium,Mixture of three (1G+1L+1O),14.8858041206235,cell4
Equilibrium,Mixture of nine (3G+3L+3O),17.7930563157599,cell4
Degraded,SG - P. clandestinum,13.0995336925935,lig4
Degraded,SL - A. glucameus,20.0379521102895,lig4
Degraded,SO - D. nagchana,18.1526543887895,lig4
Degraded,Mixture of three (1G+1L+1O),17.7985468604666,lig4
Degraded,Mixture of nine (3G+3L+3O),17.0260480444626,lig4
Degraded,SG - P. clandestinum,8.61090366015919,lig4
Degraded,SL - A. glucameus,20.2907536788917,lig4
Degraded,SO - D. nagchana,20.5699189732799,lig4
Degraded,Mixture of three (1G+1L+1O),17.0958750393097,lig4
Degraded,Mixture of nine (3G+3L+3O),19.6095804817391,lig4
Equilibrium,SG - P. clandestinum,10.2484488577884,lig4
Equilibrium,SL - A. glucameus,19.0228558879909,lig4
Equilibrium,SO - D. nagchana,22.1316741519669,lig4
Equilibrium,Mixture of three (1G+1L+1O),16.1841627887268,lig4
Equilibrium,Mixture of nine (3G+3L+3O),19.7740963757655,lig4
Equilibrium,SG - P. clandestinum,18.7121382527218,lig4
Equilibrium,SL - A. glucameus,25.9299129268562,lig4
Equilibrium,SO - D. nagchana,27.445681172873,lig4
Equilibrium,Mixture of three (1G+1L+1O),23.3552225925306,lig4
Equilibrium,Mixture of nine (3G+3L+3O),24.3083779607205,lig4
Degraded,SG - P. clandestinum,9.83181332418033,lig4
Degraded,SL - A. glucameus,21.7088526109166,lig4
Degraded,SO - D. nagchana,19.4094513508738,lig4
Degraded,Mixture of three (1G+1L+1O),18.2670527789071,lig4
Degraded,Mixture of nine (3G+3L+3O),18.9110887521765,lig4
Degraded,SG - P. clandestinum,17.1386353806336,lig4
Degraded,SL - A. glucameus,21.9588556282358,lig4
Degraded,SO - D. nagchana,20.5923744809122,lig4
Degraded,Mixture of three (1G+1L+1O),21.3821606105523,lig4
Degraded,Mixture of nine (3G+3L+3O),20.9041970781876,lig4
Equilibrium,SG - P. clandestinum,13.3595778994001,lig4
Equilibrium,SL - A. glucameus,21.5456332134183,lig4
Equilibrium,SO - D. nagchana,23.0855287336481,lig4
Equilibrium,Mixture of three (1G+1L+1O),19.3429119840128,lig4
Equilibrium,Mixture of nine (3G+3L+3O),18.9325543542295,lig4
Equilibrium,SG - P. clandestinum,11.2498873109499,lig4
Equilibrium,SL - A. glucameus,18.3393096239838,lig4
Equilibrium,SO - D. nagchana,21.1296892037079,lig4
Equilibrium,Mixture of three (1G+1L+1O),18.1595719481977,lig4
Equilibrium,Mixture of nine (3G+3L+3O),20.3358686140039,lig4
Degraded,SG - P. clandestinum,19.01489841986456,cn4
Degraded,SL - A. glucameus,9.900289296046289,cn4
Degraded,SO - D. nagchana,11.236763508009776,cn4
Degraded,Mixture of three (1G+1L+1O),11.992287917737787,cn4
Degraded,Mixture of nine (3G+3L+3O),13.31017441860465,cn4
Degraded,SG - P. clandestinum,31.20231011550577,cn4
Degraded,SL - A. glucameus,9.894070976734211,cn4
Degraded,SO - D. nagchana,11.341513856335311,cn4
Degraded,Mixture of three (1G+1L+1O),11.62383209207854,cn4
Degraded,Mixture of nine (3G+3L+3O),12.966154300916346,cn4
Equilibrium,SG - P. clandestinum,25.78092707410688,cn4
Equilibrium,SL - A. glucameus,10.366242774566475,cn4
Equilibrium,SO - D. nagchana,12.632792355528592,cn4
Equilibrium,Mixture of three (1G+1L+1O),12.040617848970253,cn4
Equilibrium,Mixture of nine (3G+3L+3O),13.58083252662149,cn4
Equilibrium,SG - P. clandestinum,14.47138880296938,cn4
Equilibrium,SL - A. glucameus,8.916826003824092,cn4
Equilibrium,SO - D. nagchana,10.446496106785316,cn4
Equilibrium,Mixture of three (1G+1L+1O),11.244512506380806,cn4
Equilibrium,Mixture of nine (3G+3L+3O),10.9706028898854,cn4
Degraded,SG - P. clandestinum,24.318194561255954,cn4
Degraded,SL - A. glucameus,10.389580973952434,cn4
Degraded,SO - D. nagchana,12.306514516827965,cn4
Degraded,Mixture of three (1G+1L+1O),11.918922614164616,cn4
Degraded,Mixture of nine (3G+3L+3O),13.692821900366065,cn4
Degraded,SG - P. clandestinum,22.866030399434425,cn4
Degraded,SL - A. glucameus,10.018799937333542,cn4
Degraded,SO - D. nagchana,12.773223082336383,cn4
Degraded,Mixture of three (1G+1L+1O),12.715764863059452,cn4
Degraded,Mixture of nine (3G+3L+3O),13.735814632366358,cn4
Equilibrium,SG - P. clandestinum,23.63787474027901,cn4
Equilibrium,SL - A. glucameus,10.596622405569162,cn4
Equilibrium,SO - D. nagchana,11.239555555555558,cn4
Equilibrium,Mixture of three (1G+1L+1O),12.1600291757841,cn4
Equilibrium,Mixture of nine (3G+3L+3O),13.49968464206875,cn4
Equilibrium,SG - P. clandestinum,20.84577842850171,cn4
Equilibrium,SL - A. glucameus,11.27510368229232,cn4
Equilibrium,SO - D. nagchana,10.96756393001346,cn4
Equilibrium,Mixture of three (1G+1L+1O),11.710985002026751,cn4
Equilibrium,Mixture of nine (3G+3L+3O),12.763668957275172,cn4
Degraded,SG - P. clandestinum,11.089650649068334,ln4
Degraded,SL - A. glucameus,7.158645568521117,ln4
Degraded,SO - D. nagchana,9.266853959137977,ln4
Degraded,Mixture of three (1G+1L+1O),8.565798766747136,ln4
Degraded,Mixture of nine (3G+3L+3O),9.245581432652711,ln4
Degraded,SG - P. clandestinum,5.539333106488099,ln4
Degraded,SL - A. glucameus,3.961638944232011,ln4
Degraded,SO - D. nagchana,5.31614736534681,ln4
Degraded,Mixture of three (1G+1L+1O),4.226341233980159,ln4
Degraded,Mixture of nine (3G+3L+3O),5.337557024509178,ln4
Equilibrium,SG - P. clandestinum,5.530398073953699,ln4
Equilibrium,SL - A. glucameus,3.9624638588852847,ln4
Equilibrium,SO - D. nagchana,6.198070408390871,ln4
Equilibrium,Mixture of three (1G+1L+1O),4.190123589734528,ln4
Equilibrium,Mixture of nine (3G+3L+3O),5.80805491494272,ln4
Equilibrium,SG - P. clandestinum,10.596783817934647,ln4
Equilibrium,SL - A. glucameus,9.075926204030514,ln4
Equilibrium,SO - D. nagchana,11.228618802316676,ln4
Equilibrium,Mixture of three (1G+1L+1O),11.05952973924674,ln4
Equilibrium,Mixture of nine (3G+3L+3O),11.129860993975349,ln4
Degraded,SG - P. clandestinum,5.096613907473298,ln4
Degraded,SL - A. glucameus,4.483209833955681,ln4
Degraded,SO - D. nagchana,5.210230833928265,ln4
Degraded,Mixture of three (1G+1L+1O),4.5345024365197775,ln4
Degraded,Mixture of nine (3G+3L+3O),5.46099371361718,ln4
Degraded,SG - P. clandestinum,10.801882811404187,ln4
Degraded,SL - A. glucameus,6.363620344793542,ln4
Degraded,SO - D. nagchana,6.785983152649394,ln4
Degraded,Mixture of three (1G+1L+1O),6.480703343622574,ln4
Degraded,Mixture of nine (3G+3L+3O),6.9349808933585955,ln4
Equilibrium,SG - P. clandestinum,7.273609488695564,ln4
Equilibrium,SL - A. glucameus,5.0477803702932444,ln4
Equilibrium,SO - D. nagchana,6.224208249963392,ln4
Equilibrium,Mixture of three (1G+1L+1O),5.230338617550925,ln4
Equilibrium,Mixture of nine (3G+3L+3O),5.403723934288935,ln4
Equilibrium,SG - P. clandestinum,5.014876856003523,ln4
Equilibrium,SL - A. glucameus,4.206187288570029,ln4
Equilibrium,SO - D. nagchana,5.326632406899037,ln4
Equilibrium,Mixture of three (1G+1L+1O),4.4566561699869425,ln4
Equilibrium,Mixture of nine (3G+3L+3O),5.509904429938873,ln4
Degraded,SG - P. clandestinum,47.7241411688925,om5
Degraded,SL - A. glucameus,46.2255215176409,om5
Degraded,SO - D. nagchana,53.2536024135031,om5
Degraded,Mixture of three (1G+1L+1O),47.8181748354987,om5
Degraded,Mixture of nine (3G+3L+3O),47.8678344140229,om5
Degraded,SG - P. clandestinum,88.54465360728369,om5
Degraded,SL - A. glucameus,85.8271800043896,om5
Degraded,SO - D. nagchana,80.6279225116901,om5
Degraded,Mixture of three (1G+1L+1O),84.571165785238,om5
Degraded,Mixture of nine (3G+3L+3O),85.0505941219336,om5
Equilibrium,SG - P. clandestinum,87.0781097973407,om5
Equilibrium,SL - A. glucameus,86.1435726210355,om5
Equilibrium,SO - D. nagchana,78.187834054467,om5
Equilibrium,Mixture of three (1G+1L+1O),84.8057959347961,om5
Equilibrium,Mixture of nine (3G+3L+3O),84.2191651208612,om5
Equilibrium,SG - P. clandestinum,50.7015046766979,om5
Equilibrium,SL - A. glucameus,59.994235847175,om5
Equilibrium,SO - D. nagchana,49.7766778953508,om5
Equilibrium,Mixture of three (1G+1L+1O),49.5849524212821,om5
Equilibrium,Mixture of nine (3G+3L+3O),56.5449076103395,om5
Degraded,SG - P. clandestinum,89.8687347203547,om5
Degraded,SL - A. glucameus,87.5611640484159,om5
Degraded,SO - D. nagchana,81.6458852867833,om5
Degraded,Mixture of three (1G+1L+1O),86.1816573048547,om5
Degraded,Mixture of nine (3G+3L+3O),85.9239702504595,om5
Degraded,SG - P. clandestinum,68.914143007498,om5
Degraded,SL - A. glucameus,66.2991778537865,om5
Degraded,SO - D. nagchana,62.5544267053705,om5
Degraded,Mixture of three (1G+1L+1O),72.0343768687916,om5
Degraded,Mixture of nine (3G+3L+3O),100,om5
Equilibrium,SG - P. clandestinum,79.1311750008274,om5
Equilibrium,SL - A. glucameus,80.3415328318767,om5
Equilibrium,SO - D. nagchana,63.2492431886979,om5
Equilibrium,Mixture of three (1G+1L+1O),69.04466434918339,om5
Equilibrium,Mixture of nine (3G+3L+3O),73.8738744396537,om5
Equilibrium,SG - P. clandestinum,88.909698201113,om5
Equilibrium,SL - A. glucameus,87.5226768796611,om5
Equilibrium,SO - D. nagchana,82.65450861195549,om5
Equilibrium,Mixture of three (1G+1L+1O),82.6787512588113,om5
Equilibrium,Mixture of nine (3G+3L+3O),87.3510518141541,om5
Degraded,SG - P. clandestinum,19.06,c5
Degraded,SL - A. glucameus,20.57,c5
Degraded,SO - D. nagchana,24.07,c5
Degraded,Mixture of three (1G+1L+1O),17.96,c5
Degraded,Mixture of nine (3G+3L+3O),22.35,c5
Degraded,SG - P. clandestinum,41.55,c5
Degraded,SL - A. glucameus,43.39,c5
Degraded,SO - D. nagchana,39.05,c5
Degraded,Mixture of three (1G+1L+1O),41.71,c5
Degraded,Mixture of nine (3G+3L+3O),42.78,c5
Equilibrium,SG - P. clandestinum,41.95,c5
Equilibrium,SL - A. glucameus,43.97,c5
Equilibrium,SO - D. nagchana,39.29,c5
Equilibrium,Mixture of three (1G+1L+1O),42.56,c5
Equilibrium,Mixture of nine (3G+3L+3O),41.15,c5
Equilibrium,SG - P. clandestinum,21.71,c5
Equilibrium,SL - A. glucameus,23.13,c5
Equilibrium,SO - D. nagchana,20.78,c5
Equilibrium,Mixture of three (1G+1L+1O),20.06,c5
Equilibrium,Mixture of nine (3G+3L+3O),24.6,c5
Degraded,SG - P. clandestinum,41.79,c5
Degraded,SL - A. glucameus,44.83,c5
Degraded,SO - D. nagchana,41.33,c5
Degraded,Mixture of three (1G+1L+1O),42.96,c5
Degraded,Mixture of nine (3G+3L+3O),42.18,c5
Degraded,SG - P. clandestinum,31.7,c5
Degraded,SL - A. glucameus,31.41,c5
Degraded,SO - D. nagchana,29.37,c5
Degraded,Mixture of three (1G+1L+1O),33.52,c5
Degraded,Mixture of nine (3G+3L+3O),34.43,c5
Equilibrium,SG - P. clandestinum,37.97,c5
Equilibrium,SL - A. glucameus,40.95,c5
Equilibrium,SO - D. nagchana,30.52,c5
Equilibrium,Mixture of three (1G+1L+1O),32.63,c5
Equilibrium,Mixture of nine (3G+3L+3O),35.82,c5
Equilibrium,SG - P. clandestinum,43.37,c5
Equilibrium,SL - A. glucameus,44.64,c5
Equilibrium,SO - D. nagchana,41.89,c5
Equilibrium,Mixture of three (1G+1L+1O),42.14,c5
Equilibrium,Mixture of nine (3G+3L+3O),42.63,c5
Degraded,SG - P. clandestinum,1.1395,n5
Degraded,SL - A. glucameus,2.026,n5
Degraded,SO - D. nagchana,2.1195,n5
Degraded,Mixture of three (1G+1L+1O),1.6829999999999998,n5
Degraded,Mixture of nine (3G+3L+3O),1.71,n5
Degraded,SG - P. clandestinum,1.7745,n5
Degraded,SL - A. glucameus,4.1645,n5
Degraded,SO - D. nagchana,3.4450000000000003,n5
Degraded,Mixture of three (1G+1L+1O),3.4909999999999997,n5
Degraded,Mixture of nine (3G+3L+3O),3.5335,n5
Equilibrium,SG - P. clandestinum,1.6375,n5
Equilibrium,SL - A. glucameus,4.6495,n5
Equilibrium,SO - D. nagchana,3.4565,n5
Equilibrium,Mixture of three (1G+1L+1O),3.358,n5
Equilibrium,Mixture of nine (3G+3L+3O),2.3045,n5
Equilibrium,SG - P. clandestinum,1.8944999999999999,n5
Equilibrium,SL - A. glucameus,2.1755,n5
Equilibrium,SO - D. nagchana,1.8265,n5
Equilibrium,Mixture of three (1G+1L+1O),1.9645000000000001,n5
Equilibrium,Mixture of nine (3G+3L+3O),1.9355,n5
Degraded,SG - P. clandestinum,3.1289999999999996,n5
Degraded,SL - A. glucameus,4.0275,n5
Degraded,SO - D. nagchana,3.534,n5
Degraded,Mixture of three (1G+1L+1O),3.445,n5
Degraded,Mixture of nine (3G+3L+3O),2.368,n5
Degraded,SG - P. clandestinum,2.231,n5
Degraded,SL - A. glucameus,2.7725,n5
Degraded,SO - D. nagchana,2.7995,n5
Degraded,Mixture of three (1G+1L+1O),3.029,n5
Degraded,Mixture of nine (3G+3L+3O),2.5919999999999996,n5
Equilibrium,SG - P. clandestinum,2.9530000000000003,n5
Equilibrium,SL - A. glucameus,3.1574999999999998,n5
Equilibrium,SO - D. nagchana,2.5985,n5
Equilibrium,Mixture of three (1G+1L+1O),2.7335000000000003,n5
Equilibrium,Mixture of nine (3G+3L+3O),2.2925,n5
Equilibrium,SG - P. clandestinum,3.292,n5
Equilibrium,SL - A. glucameus,4.000500000000001,n5
Equilibrium,SO - D. nagchana,3.282,n5
Equilibrium,Mixture of three (1G+1L+1O),3.6254999999999997,n5
Equilibrium,Mixture of nine (3G+3L+3O),3.319,n5
Degraded,SG - P. clandestinum,13.7907527850425,hemi5
Degraded,SL - A. glucameus,7.66017774991566,hemi5
Degraded,SO - D. nagchana,10.4363751004791,hemi5
Degraded,Mixture of three (1G+1L+1O),9.61686089208667,hemi5
Degraded,Mixture of nine (3G+3L+3O),10.2423488967542,hemi5
Degraded,SG - P. clandestinum,30.4469534267257,hemi5
Degraded,SL - A. glucameus,16.5441645370841,hemi5
Degraded,SO - D. nagchana,17.2385238681488,hemi5
Degraded,Mixture of three (1G+1L+1O),20.5275427690841,hemi5
Degraded,Mixture of nine (3G+3L+3O),16.4193879161049,hemi5
Equilibrium,SG - P. clandestinum,28.9060063070041,hemi5
Equilibrium,SL - A. glucameus,12.7639074496218,hemi5
Equilibrium,SO - D. nagchana,14.2461623593389,hemi5
Equilibrium,Mixture of three (1G+1L+1O),18.2870234920694,hemi5
Equilibrium,Mixture of nine (3G+3L+3O),17.5705389187472,hemi5
Equilibrium,SG - P. clandestinum,16.8669110700108,hemi5
Equilibrium,SL - A. glucameus,9.92225084093033,hemi5
Equilibrium,SO - D. nagchana,11.7663688350045,hemi5
Equilibrium,Mixture of three (1G+1L+1O),12.5493688522879,hemi5
Equilibrium,Mixture of nine (3G+3L+3O),13.7687076611073,hemi5
Degraded,SG - P. clandestinum,29.7929542532444,hemi5
Degraded,SL - A. glucameus,13.7859305160433,hemi5
Degraded,SO - D. nagchana,15.1127892258377,hemi5
Degraded,Mixture of three (1G+1L+1O),18.2717191012811,hemi5
Degraded,Mixture of nine (3G+3L+3O),18.046463974248802,hemi5
Degraded,SG - P. clandestinum,22.1990569991784,hemi5
Degraded,SL - A. glucameus,12.1892522998978,hemi5
Degraded,SO - D. nagchana,12.4698826319505,hemi5
Degraded,Mixture of three (1G+1L+1O),16.3471331106854,hemi5
Degraded,Mixture of nine (3G+3L+3O),15.7101044602503,hemi5
Equilibrium,SG - P. clandestinum,24.8833434724074,hemi5
Equilibrium,SL - A. glucameus,10.8279674238315,hemi5
Equilibrium,SO - D. nagchana,11.7099962946234,hemi5
Equilibrium,Mixture of three (1G+1L+1O),13.6053552466586,hemi5
Equilibrium,Mixture of nine (3G+3L+3O),13.4808879925924,hemi5
Equilibrium,SG - P. clandestinum,27.7495519924348,hemi5
Equilibrium,SL - A. glucameus,12.7724541213324,hemi5
Equilibrium,SO - D. nagchana,15.1782381546189,hemi5
Equilibrium,Mixture of three (1G+1L+1O),16.7059676415445,hemi5
Equilibrium,Mixture of nine (3G+3L+3O),16.9155045396216,hemi5
Degraded,SG - P. clandestinum,10.0881766694326,cell5
Degraded,SL - A. glucameus,4.8962906533864,cell5
Degraded,SO - D. nagchana,8.59519539058779,cell5
Degraded,Mixture of three (1G+1L+1O),5.823780107943,cell5
Degraded,Mixture of nine (3G+3L+3O),9.01069669270493,cell5
Degraded,SG - P. clandestinum,23.8896457232935,cell5
Degraded,SL - A. glucameus,14.4314621085949,cell5
Degraded,SO - D. nagchana,15.9669986117519,cell5
Degraded,Mixture of three (1G+1L+1O),14.9046941416584,cell5
Degraded,Mixture of nine (3G+3L+3O),15.0887610529796,cell5
Equilibrium,SG - P. clandestinum,23.7471304884604,cell5
Equilibrium,SL - A. glucameus,9.64208156188476,cell5
Equilibrium,SO - D. nagchana,12.4044112852872,cell5
Equilibrium,Mixture of three (1G+1L+1O),13.5425087820837,cell5
Equilibrium,Mixture of nine (3G+3L+3O),16.116567558981,cell5
Equilibrium,SG - P. clandestinum,9.39225991901509,cell5
Equilibrium,SL - A. glucameus,6.47304156316209,cell5
Equilibrium,SO - D. nagchana,8.65578903985572,cell5
Equilibrium,Mixture of three (1G+1L+1O),7.81870678550962,cell5
Equilibrium,Mixture of nine (3G+3L+3O),9.95787509608297,cell5
Degraded,SG - P. clandestinum,24.7876685046382,cell5
Degraded,SL - A. glucameus,12.5562039548974,cell5
Degraded,SO - D. nagchana,14.9139079202529,cell5
Degraded,Mixture of three (1G+1L+1O),15.1398362883709,cell5
Degraded,Mixture of nine (3G+3L+3O),17.9223959324649,cell5
Degraded,SG - P. clandestinum,15.7457163861473,cell5
Degraded,SL - A. glucameus,10.1402413328552,cell5
Degraded,SO - D. nagchana,10.9207618461215,cell5
Degraded,Mixture of three (1G+1L+1O),11.2165730258322,cell5
Degraded,Mixture of nine (3G+3L+3O),12.1708082944444,cell5
Equilibrium,SG - P. clandestinum,19.5208928214152,cell5
Equilibrium,SL - A. glucameus,10.0821330290563,cell5
Equilibrium,SO - D. nagchana,11.7280952462514,cell5
Equilibrium,Mixture of three (1G+1L+1O),12.6768423779733,cell5
Equilibrium,Mixture of nine (3G+3L+3O),14.2144064702742,cell5
Equilibrium,SG - P. clandestinum,24.0560539659551,cell5
Equilibrium,SL - A. glucameus,11.6710461695713,cell5
Equilibrium,SO - D. nagchana,16.2742782221001,cell5
Equilibrium,Mixture of three (1G+1L+1O),14.0509282511576,cell5
Equilibrium,Mixture of nine (3G+3L+3O),17.6301660772039,cell5
Degraded,SG - P. clandestinum,15.9825131690508,lig5
Degraded,SL - A. glucameus,16.2546728921019,lig5
Degraded,SO - D. nagchana,19.9433139658544,lig5
Degraded,Mixture of three (1G+1L+1O),15.8238112317075,lig5
Degraded,Mixture of nine (3G+3L+3O),16.4534925581378,lig5
Degraded,SG - P. clandestinum,10.0561966207117,lig5
Degraded,SL - A. glucameus,19.7756276691978,lig5
Degraded,SO - D. nagchana,21.38065474948,lig5
Degraded,Mixture of three (1G+1L+1O),16.4462085399298,lig5
Degraded,Mixture of nine (3G+3L+3O),19.6147701224122,lig5
Equilibrium,SG - P. clandestinum,9.32436304475258,lig5
Equilibrium,SL - A. glucameus,17.9744054558894,lig5
Equilibrium,SO - D. nagchana,18.2033697142085,lig5
Equilibrium,Mixture of three (1G+1L+1O),15.5048048479774,lig5
Equilibrium,Mixture of nine (3G+3L+3O),17.547902425346,lig5
Equilibrium,SG - P. clandestinum,17.0004470048224,lig5
Equilibrium,SL - A. glucameus,16.3701872572273,lig5
Equilibrium,SO - D. nagchana,17.5558790276395,lig5
Equilibrium,Mixture of three (1G+1L+1O),18.0709017536897,lig5
Equilibrium,Mixture of nine (3G+3L+3O),18.783845211921,lig5
Degraded,SG - P. clandestinum,9.35898830834003,lig5
Degraded,SL - A. glucameus,20.3669769531109,lig5
Degraded,SO - D. nagchana,20.3681217092406,lig5
Degraded,Mixture of three (1G+1L+1O),18.4942887222169,lig5
Degraded,Mixture of nine (3G+3L+3O),19.6565934081617,lig5
Degraded,SG - P. clandestinum,14.4640422624836,lig5
Degraded,SL - A. glucameus,22.7248006112055,lig5
Degraded,SO - D. nagchana,20.4435636755444,lig5
Degraded,Mixture of three (1G+1L+1O),21.3058057546202,lig5
Degraded,Mixture of nine (3G+3L+3O),20.4071405505429,lig5
Equilibrium,SG - P. clandestinum,14.5548565758808,lig5
Equilibrium,SL - A. glucameus,20.4322166058919,lig5
Equilibrium,SO - D. nagchana,22.189152175959,lig5
Equilibrium,Mixture of three (1G+1L+1O),24.5556838459859,lig5
Equilibrium,Mixture of nine (3G+3L+3O),21.8538001952748,lig5
Equilibrium,SG - P. clandestinum,9.54608119111804,lig5
Equilibrium,SL - A. glucameus,19.0357760213801,lig5
Equilibrium,SO - D. nagchana,19.5769402321347,lig5
Equilibrium,Mixture of three (1G+1L+1O),17.9343587097075,lig5
Equilibrium,Mixture of nine (3G+3L+3O),19.9402053379207,lig5
Degraded,SG - P. clandestinum,16.72663448881088,cn5
Degraded,SL - A. glucameus,10.153010858835144,cn5
Degraded,SO - D. nagchana,11.35645199339467,cn5
Degraded,Mixture of three (1G+1L+1O),10.67142008318479,cn5
Degraded,Mixture of nine (3G+3L+3O),13.070175438596491,cn5
Degraded,SG - P. clandestinum,23.41504649196957,cn5
Degraded,SL - A. glucameus,10.419017889302436,cn5
Degraded,SO - D. nagchana,11.335268505079824,cn5
Degraded,Mixture of three (1G+1L+1O),11.947865940991122,cn5
Degraded,Mixture of nine (3G+3L+3O),12.106976086033677,cn5
Equilibrium,SG - P. clandestinum,25.618320610687025,cn5
Equilibrium,SL - A. glucameus,9.45693085277987,cn5
Equilibrium,SO - D. nagchana,11.366989729495153,cn5
Equilibrium,Mixture of three (1G+1L+1O),12.674210839785587,cn5
Equilibrium,Mixture of nine (3G+3L+3O),17.85636797569972,cn5
Equilibrium,SG - P. clandestinum,11.459487991554502,cn5
Equilibrium,SL - A. glucameus,10.632038611813377,cn5
Equilibrium,SO - D. nagchana,11.376950451683548,cn5
Equilibrium,Mixture of three (1G+1L+1O),10.211249681852888,cn5
Equilibrium,Mixture of nine (3G+3L+3O),12.709894084215966,cn5
Degraded,SG - P. clandestinum,13.355704697986578,cn5
Degraded,SL - A. glucameus,11.130974549968963,cn5
Degraded,SO - D. nagchana,11.694963214487833,cn5
Degraded,Mixture of three (1G+1L+1O),12.470246734397678,cn5
Degraded,Mixture of nine (3G+3L+3O),17.8125,cn5
Degraded,SG - P. clandestinum,14.208874943971313,cn5
Degraded,SL - A. glucameus,11.329125338142472,cn5
Degraded,SO - D. nagchana,10.491159135559922,cn5
Degraded,Mixture of three (1G+1L+1O),11.066358534169694,cn5
Degraded,Mixture of nine (3G+3L+3O),13.28317901234568,cn5
Equilibrium,SG - P. clandestinum,12.858110396207245,cn5
Equilibrium,SL - A. glucameus,12.96912114014252,cn5
Equilibrium,SO - D. nagchana,11.745237637098326,cn5
Equilibrium,Mixture of three (1G+1L+1O),11.937077007499543,cn5
Equilibrium,Mixture of nine (3G+3L+3O),15.624863685932388,cn5
Equilibrium,SG - P. clandestinum,13.174362089914945,cn5
Equilibrium,SL - A. glucameus,11.158605174353204,cn5
Equilibrium,SO - D. nagchana,12.763558805606337,cn5
Equilibrium,Mixture of three (1G+1L+1O),11.623224382843746,cn5
Equilibrium,Mixture of nine (3G+3L+3O),12.84423018981621,cn5
Degraded,SG - P. clandestinum,14.025900104476351,ln5
Degraded,SL - A. glucameus,8.023036965499458,ln5
Degraded,SO - D. nagchana,9.409442777001368,ln5
Degraded,Mixture of three (1G+1L+1O),9.402145711056152,ln5
Degraded,Mixture of nine (3G+3L+3O),9.621925472595205,ln5
Degraded,SG - P. clandestinum,5.667059239623387,ln5
Degraded,SL - A. glucameus,4.748619922967414,ln5
Degraded,SO - D. nagchana,6.206285848905661,ln5
Degraded,Mixture of three (1G+1L+1O),4.711030804906846,ln5
Degraded,Mixture of nine (3G+3L+3O),5.551088190862374,ln5
Equilibrium,SG - P. clandestinum,5.694267508245851,ln5
Equilibrium,SL - A. glucameus,3.865879224839101,ln5
Equilibrium,SO - D. nagchana,5.266416813021409,ln5
Equilibrium,Mixture of three (1G+1L+1O),4.6172736295346635,ln5
Equilibrium,Mixture of nine (3G+3L+3O),7.614624615034064,ln5
Equilibrium,SG - P. clandestinum,8.97357983891391,ln5
Equilibrium,SL - A. glucameus,7.524793039405792,ln5
Equilibrium,SO - D. nagchana,9.611759664735558,ln5
Equilibrium,Mixture of three (1G+1L+1O),9.198728304245202,ln5
Equilibrium,Mixture of nine (3G+3L+3O),9.704905818610696,ln5
Degraded,SG - P. clandestinum,2.9910477175902943,ln5
Degraded,SL - A. glucameus,5.056977517842557,ln5
Degraded,SO - D. nagchana,5.7634752997285235,ln5
Degraded,Mixture of three (1G+1L+1O),5.368443751006358,ln5
Degraded,Mixture of nine (3G+3L+3O),8.300926270338557,ln5
Degraded,SG - P. clandestinum,6.483210337285343,ln5
Degraded,SL - A. glucameus,8.196501573022722,ln5
Degraded,SO - D. nagchana,7.302576772832434,ln5
Degraded,Mixture of three (1G+1L+1O),7.033940493436844,ln5
Degraded,Mixture of nine (3G+3L+3O),7.873125212400811,ln5
Equilibrium,SG - P. clandestinum,4.9288373098140195,ln5
Equilibrium,SL - A. glucameus,6.471010801549295,ln5
Equilibrium,SO - D. nagchana,8.539215769081776,ln5
Equilibrium,Mixture of three (1G+1L+1O),8.983239014445179,ln5
Equilibrium,Mixture of nine (3G+3L+3O),9.532737271657492,ln5
Equilibrium,SG - P. clandestinum,2.8997816497928435,ln5
Equilibrium,SL - A. glucameus,4.758349211693563,ln5
Equilibrium,SO - D. nagchana,5.964942179200091,ln5
Equilibrium,Mixture of three (1G+1L+1O),4.946726992058337,ln5
Equilibrium,Mixture of nine (3G+3L+3O),6.007895552250888,ln5
Degraded,SG - P. clandestinum,40.4608192067404,om6
Degraded,SL - A. glucameus,43.05216951955,om6
Degraded,SO - D. nagchana,40.5773030505875,om6
Degraded,Mixture of three (1G+1L+1O),40.2629443167236,om6
Degraded,Mixture of nine (3G+3L+3O),42.5920591339439,om6
Degraded,SG - P. clandestinum,84.6663817328884,om6
Degraded,SL - A. glucameus,83.3701546495282,om6
Degraded,SO - D. nagchana,80.3493449781659,om6
Degraded,Mixture of three (1G+1L+1O),81.0811215905128,om6
Degraded,Mixture of nine (3G+3L+3O),84.8654924776213,om6
Equilibrium,SG - P. clandestinum,67.6620353507537,om6
Equilibrium,SL - A. glucameus,68.73743466023319,om6
Equilibrium,SO - D. nagchana,53.0034522439585,om6
Equilibrium,Mixture of three (1G+1L+1O),76.2124711316395,om6
Equilibrium,Mixture of nine (3G+3L+3O),73.4266873085969,om6
Equilibrium,SG - P. clandestinum,50.4875499767091,om6
Equilibrium,SL - A. glucameus,50.769051026569,om6
Equilibrium,SO - D. nagchana,49.0237606322749,om6
Equilibrium,Mixture of three (1G+1L+1O),54.9248563157279,om6
Equilibrium,Mixture of nine (3G+3L+3O),52.7294787963198,om6
Degraded,SG - P. clandestinum,91.55762093093516,om6
Degraded,SL - A. glucameus,87.6196586624787,om6
Degraded,SO - D. nagchana,79.5887439759825,om6
Degraded,Mixture of three (1G+1L+1O),87.0960173880119,om6
Degraded,Mixture of nine (3G+3L+3O),87.5636777549492,om6
Degraded,SG - P. clandestinum,83.4882621412884,om6
Degraded,SL - A. glucameus,87.1289647144983,om6
Degraded,SO - D. nagchana,78.199918732223,om6
Degraded,Mixture of three (1G+1L+1O),75.45595084379829,om6
Degraded,Mixture of nine (3G+3L+3O),82.611673541912,om6
Equilibrium,SG - P. clandestinum,83.5031702970702,om6
Equilibrium,SL - A. glucameus,85.1325556733828,om6
Equilibrium,SO - D. nagchana,78.2022471910112,om6
Equilibrium,Mixture of three (1G+1L+1O),82.4668831229183,om6
Equilibrium,Mixture of nine (3G+3L+3O),82.13856480622499,om6
Equilibrium,SG - P. clandestinum,91.45847872019041,om6
Equilibrium,SL - A. glucameus,88.2780200386914,om6
Equilibrium,SO - D. nagchana,82.475831509845,om6
Equilibrium,Mixture of three (1G+1L+1O),87.23021558240521,om6
Equilibrium,Mixture of nine (3G+3L+3O),86.6688912329421,om6
Degraded,SG - P. clandestinum,16.235,c6
Degraded,SL - A. glucameus,18.728,c6
Degraded,SO - D. nagchana,16.61,c6
Degraded,Mixture of three (1G+1L+1O),17.107,c6
Degraded,Mixture of nine (3G+3L+3O),18.181,c6
Degraded,SG - P. clandestinum,40.964,c6
Degraded,SL - A. glucameus,43.584,c6
Degraded,SO - D. nagchana,39.285,c6
Degraded,Mixture of three (1G+1L+1O),39.666,c6
Degraded,Mixture of nine (3G+3L+3O),41.946,c6
Equilibrium,SG - P. clandestinum,31.429,c6
Equilibrium,SL - A. glucameus,34.393,c6
Equilibrium,SO - D. nagchana,25.14,c6
Equilibrium,Mixture of three (1G+1L+1O),36.053,c6
Equilibrium,Mixture of nine (3G+3L+3O),35.665,c6
Equilibrium,SG - P. clandestinum,20.475,c6
Equilibrium,SL - A. glucameus,22.123,c6
Equilibrium,SO - D. nagchana,19.563,c6
Equilibrium,Mixture of three (1G+1L+1O),23.828,c6
Equilibrium,Mixture of nine (3G+3L+3O),21.425,c6
Degraded,SG - P. clandestinum,42.815,c6
Degraded,SL - A. glucameus,44.827,c6
Degraded,SO - D. nagchana,40.074,c6
Degraded,Mixture of three (1G+1L+1O),42.827,c6
Degraded,Mixture of nine (3G+3L+3O),42.984,c6
Degraded,SG - P. clandestinum,39.14,c6
Degraded,SL - A. glucameus,43.656,c6
Degraded,SO - D. nagchana,39.17,c6
Degraded,Mixture of three (1G+1L+1O),37.171,c6
Degraded,Mixture of nine (3G+3L+3O),40.906,c6
Equilibrium,SG - P. clandestinum,39.261,c6
Equilibrium,SL - A. glucameus,43.014,c6
Equilibrium,SO - D. nagchana,39.387,c6
Equilibrium,Mixture of three (1G+1L+1O),40.304,c6
Equilibrium,Mixture of nine (3G+3L+3O),39.92,c6
Equilibrium,SG - P. clandestinum,42.49,c6
Equilibrium,SL - A. glucameus,44.446,c6
Equilibrium,SO - D. nagchana,40.846,c6
Equilibrium,Mixture of three (1G+1L+1O),42.479,c6
Equilibrium,Mixture of nine (3G+3L+3O),42.375,c6
Degraded,SG - P. clandestinum,1.072,n6
Degraded,SL - A. glucameus,1.715,n6
Degraded,SO - D. nagchana,1.679,n6
Degraded,Mixture of three (1G+1L+1O),1.544,n6
Degraded,Mixture of nine (3G+3L+3O),1.4885000000000002,n6
Degraded,SG - P. clandestinum,2.331,n6
Degraded,SL - A. glucameus,4.308,n6
Degraded,SO - D. nagchana,3.322,n6
Degraded,Mixture of three (1G+1L+1O),3.335,n6
Degraded,Mixture of nine (3G+3L+3O),3.226,n6
Equilibrium,SG - P. clandestinum,1.741,n6
Equilibrium,SL - A. glucameus,3.476,n6
Equilibrium,SO - D. nagchana,2.491,n6
Equilibrium,Mixture of three (1G+1L+1O),3.138,n6
Equilibrium,Mixture of nine (3G+3L+3O),2.9,n6
Equilibrium,SG - P. clandestinum,1.564,n6
Equilibrium,SL - A. glucameus,2.115,n6
Equilibrium,SO - D. nagchana,1.911,n6
Equilibrium,Mixture of three (1G+1L+1O),2.153,n6
Equilibrium,Mixture of nine (3G+3L+3O),1.909,n6
Degraded,SG - P. clandestinum,1.384,n6
Degraded,SL - A. glucameus,3.978,n6
Degraded,SO - D. nagchana,3.14,n6
Degraded,Mixture of three (1G+1L+1O),3.192,n6
Degraded,Mixture of nine (3G+3L+3O),2.91,n6
Degraded,SG - P. clandestinum,1.753,n6
Degraded,SL - A. glucameus,3.59,n6
Degraded,SO - D. nagchana,3.321,n6
Degraded,Mixture of three (1G+1L+1O),3.22,n6
Degraded,Mixture of nine (3G+3L+3O),2.92,n6
Equilibrium,SG - P. clandestinum,2.052,n6
Equilibrium,SL - A. glucameus,3.392,n6
Equilibrium,SO - D. nagchana,3.164,n6
Equilibrium,Mixture of three (1G+1L+1O),3.281,n6
Equilibrium,Mixture of nine (3G+3L+3O),2.953,n6
Equilibrium,SG - P. clandestinum,1.527,n6
Equilibrium,SL - A. glucameus,3.862,n6
Equilibrium,SO - D. nagchana,2.971,n6
Equilibrium,Mixture of three (1G+1L+1O),3.316,n6
Equilibrium,Mixture of nine (3G+3L+3O),3.099,n6
Degraded,SG - P. clandestinum,11.4858337020465,hemi6
Degraded,SL - A. glucameus,8.17005562090344,hemi6
Degraded,SO - D. nagchana,8.61417188667553,hemi6
Degraded,Mixture of three (1G+1L+1O),9.30563375313111,hemi6
Degraded,Mixture of nine (3G+3L+3O),9.37212250589108,hemi6
Degraded,SG - P. clandestinum,28.6587335162114,hemi6
Degraded,SL - A. glucameus,14.4693021310482,hemi6
Degraded,SO - D. nagchana,16.9069999957799,hemi6
Degraded,Mixture of three (1G+1L+1O),18.260519724955,hemi6
Degraded,Mixture of nine (3G+3L+3O),18.1730045097792,hemi6
Equilibrium,SG - P. clandestinum,20.0559865736015,hemi6
Equilibrium,SL - A. glucameus,10.452678940655,hemi6
Equilibrium,SO - D. nagchana,11.7753629425532,hemi6
Equilibrium,Mixture of three (1G+1L+1O),16.6969996402884,hemi6
Equilibrium,Mixture of nine (3G+3L+3O),15.2710662525229,hemi6
Equilibrium,SG - P. clandestinum,17.2413516197695,hemi6
Equilibrium,SL - A. glucameus,10.7000919979985,hemi6
Equilibrium,SO - D. nagchana,11.8588182100824,hemi6
Equilibrium,Mixture of three (1G+1L+1O),13.0064152126573,hemi6
Equilibrium,Mixture of nine (3G+3L+3O),14.3883081105194,hemi6
Degraded,SG - P. clandestinum,32.5910369003779,hemi6
Degraded,SL - A. glucameus,14.5253132626569,hemi6
Degraded,SO - D. nagchana,14.0438184019105,hemi6
Degraded,Mixture of three (1G+1L+1O),22.6222675233936,hemi6
Degraded,Mixture of nine (3G+3L+3O),19.9777872907249,hemi6
Degraded,SG - P. clandestinum,31.2468598058389,hemi6
Degraded,SL - A. glucameus,15.9589116330443,hemi6
Degraded,SO - D. nagchana,16.1315352928306,hemi6
Degraded,Mixture of three (1G+1L+1O),17.2118516327695,hemi6
Degraded,Mixture of nine (3G+3L+3O),18.8256645501792,hemi6
Equilibrium,SG - P. clandestinum,27.0747702004688,hemi6
Equilibrium,SL - A. glucameus,9.19554047320641,hemi6
Equilibrium,SO - D. nagchana,13.1121411807461,hemi6
Equilibrium,Mixture of three (1G+1L+1O),15.8206226588844,hemi6
Equilibrium,Mixture of nine (3G+3L+3O),14.7977668493634,hemi6
Equilibrium,SG - P. clandestinum,32.2880553934942,hemi6
Equilibrium,SL - A. glucameus,13.9270424801734,hemi6
Equilibrium,SO - D. nagchana,14.9717680998067,hemi6
Equilibrium,Mixture of three (1G+1L+1O),19.2754605240446,hemi6
Equilibrium,Mixture of nine (3G+3L+3O),17.4145033748777,hemi6
Degraded,SG - P. clandestinum,7.67075373199565,cell6
Degraded,SL - A. glucameus,5.34547855850851,cell6
Degraded,SO - D. nagchana,5.41559123406716,cell6
Degraded,Mixture of three (1G+1L+1O),6.17270163356314,cell6
Degraded,Mixture of nine (3G+3L+3O),7.29480253933168,cell6
Degraded,SG - P. clandestinum,18.8279938274293,cell6
Degraded,SL - A. glucameus,10.3213168016755,cell6
Degraded,SO - D. nagchana,14.4192559563156,cell6
Degraded,Mixture of three (1G+1L+1O),12.8889424662939,cell6
Degraded,Mixture of nine (3G+3L+3O),13.4237072892076,cell6
Equilibrium,SG - P. clandestinum,13.8267056505577,cell6
Equilibrium,SL - A. glucameus,6.28459808217757,cell6
Equilibrium,SO - D. nagchana,8.22631783651956,cell6
Equilibrium,Mixture of three (1G+1L+1O),11.2306876667459,cell6
Equilibrium,Mixture of nine (3G+3L+3O),11.7233583967074,cell6
Equilibrium,SG - P. clandestinum,8.81992903585958,cell6
Equilibrium,SL - A. glucameus,4.32539890138531,cell6
Equilibrium,SO - D. nagchana,5.98754424847196,cell6
Equilibrium,Mixture of three (1G+1L+1O),6.54592265699737,cell6
Equilibrium,Mixture of nine (3G+3L+3O),8.0072374141528,cell6
Degraded,SG - P. clandestinum,26.2845201636423,cell6
Degraded,SL - A. glucameus,11.0825423790193,cell6
Degraded,SO - D. nagchana,14.9528683473845,cell6
Degraded,Mixture of three (1G+1L+1O),15.4316108127228,cell6
Degraded,Mixture of nine (3G+3L+3O),17.2995070321467,cell6
Degraded,SG - P. clandestinum,21.0013742184997,cell6
Degraded,SL - A. glucameus,11.7446782111716,cell6
Degraded,SO - D. nagchana,12.0811907877548,cell6
Degraded,Mixture of three (1G+1L+1O),10.6194698535625,cell6
Degraded,Mixture of nine (3G+3L+3O),14.8813027018305,cell6
Equilibrium,SG - P. clandestinum,17.9491808511249,cell6
Equilibrium,SL - A. glucameus,8.1337269352855,cell6
Equilibrium,SO - D. nagchana,12.6979398169627,cell6
Equilibrium,Mixture of three (1G+1L+1O),11.2930148201554,cell6
Equilibrium,Mixture of nine (3G+3L+3O),14.1429749920143,cell6
Equilibrium,SG - P. clandestinum,26.3644781376921,cell6
Equilibrium,SL - A. glucameus,11.6185115076629,cell6
Equilibrium,SO - D. nagchana,15.6985427754632,cell6
Equilibrium,Mixture of three (1G+1L+1O),15.0109873135429,cell6
Equilibrium,Mixture of nine (3G+3L+3O),17.1689320206759,cell6
Degraded,SG - P. clandestinum,19.5473148153943,lig6
Degraded,SL - A. glucameus,23.7861191466975,lig6
Degraded,SO - D. nagchana,26.4457631055434,lig6
Degraded,Mixture of three (1G+1L+1O),21.1732872336179,lig6
Degraded,Mixture of nine (3G+3L+3O),24.8105932360213,lig6
Degraded,SG - P. clandestinum,15.7860790022508,lig6
Degraded,SL - A. glucameus,21.5031601149583,lig6
Degraded,SO - D. nagchana,20.5893996581672,lig6
Degraded,Mixture of three (1G+1L+1O),21.1433630589272,lig6
Degraded,Mixture of nine (3G+3L+3O),21.9019985972397,lig6
Equilibrium,SG - P. clandestinum,23.3756206030014,lig6
Equilibrium,SL - A. glucameus,25.9371547458902,lig6
Equilibrium,SO - D. nagchana,23.9242048683221,lig6
Equilibrium,Mixture of three (1G+1L+1O),21.1782688994446,lig6
Equilibrium,Mixture of nine (3G+3L+3O),23.4440084626678,lig6
Equilibrium,SG - P. clandestinum,22.2636397495145,lig6
Equilibrium,SL - A. glucameus,18.7590045341346,lig6
Equilibrium,SO - D. nagchana,20.3712325635557,lig6
Equilibrium,Mixture of three (1G+1L+1O),19.3195650008386,lig6
Equilibrium,Mixture of nine (3G+3L+3O),25.0457348468993,lig6
Degraded,SG - P. clandestinum,6.5731854581997204,lig6
Degraded,SL - A. glucameus,14.3346512425871,lig6
Degraded,SO - D. nagchana,18.1502987598495,lig6
Degraded,Mixture of three (1G+1L+1O),14.2893937674266,lig6
Degraded,Mixture of nine (3G+3L+3O),15.7456377701862,lig6
Degraded,SG - P. clandestinum,11.3878058994933,lig6
Degraded,SL - A. glucameus,16.5970713363661,lig6
Degraded,SO - D. nagchana,18.3738761955968,lig6
Degraded,Mixture of three (1G+1L+1O),18.3476128642091,lig6
Degraded,Mixture of nine (3G+3L+3O),19.0531973474609,lig6
Equilibrium,SG - P. clandestinum,14.0462916251452,lig6
Equilibrium,SL - A. glucameus,12.3555180834319,lig6
Equilibrium,SO - D. nagchana,17.4551339686772,lig6
Equilibrium,Mixture of three (1G+1L+1O),15.2996490464816,lig6
Equilibrium,Mixture of nine (3G+3L+3O),19.587800257898,lig6
Equilibrium,SG - P. clandestinum,7.95881512364004,lig6
Equilibrium,SL - A. glucameus,15.2894294888348,lig6
Equilibrium,SO - D. nagchana,17.5587673939948,lig6
Equilibrium,Mixture of three (1G+1L+1O),13.0039302464533,lig6
Equilibrium,Mixture of nine (3G+3L+3O),17.4710454666798,lig6
Degraded,SG - P. clandestinum,15.144589552238804,cn6
Degraded,SL - A. glucameus,10.920116618075802,cn6
Degraded,SO - D. nagchana,9.892793329362716,cn6
Degraded,Mixture of three (1G+1L+1O),11.079663212435232,cn6
Degraded,Mixture of nine (3G+3L+3O),12.214309707759488,cn6
Degraded,SG - P. clandestinum,17.573573573573572,cn6
Degraded,SL - A. glucameus,10.11699164345404,cn6
Degraded,SO - D. nagchana,11.825707405177603,cn6
Degraded,Mixture of three (1G+1L+1O),11.893853073463267,cn6
Degraded,Mixture of nine (3G+3L+3O),13.002479851208927,cn6
Equilibrium,SG - P. clandestinum,18.052268811028142,cn6
Equilibrium,SL - A. glucameus,9.894418872266973,cn6
Equilibrium,SO - D. nagchana,10.09233239662786,cn6
Equilibrium,Mixture of three (1G+1L+1O),11.489165073295093,cn6
Equilibrium,Mixture of nine (3G+3L+3O),12.298275862068966,cn6
Equilibrium,SG - P. clandestinum,13.091432225063938,cn6
Equilibrium,SL - A. glucameus,10.460047281323877,cn6
Equilibrium,SO - D. nagchana,10.237048665620094,cn6
Equilibrium,Mixture of three (1G+1L+1O),11.067347886669763,cn6
Equilibrium,Mixture of nine (3G+3L+3O),11.223153483499214,cn6
Degraded,SG - P. clandestinum,30.9356936416185,cn6
Degraded,SL - A. glucameus,11.26872800402212,cn6
Degraded,SO - D. nagchana,12.762420382165605,cn6
Degraded,Mixture of three (1G+1L+1O),13.416979949874685,cn6
Degraded,Mixture of nine (3G+3L+3O),14.771134020618556,cn6
Degraded,SG - P. clandestinum,22.32743867655448,cn6
Degraded,SL - A. glucameus,12.160445682451254,cn6
Degraded,SO - D. nagchana,11.794640168623909,cn6
Degraded,Mixture of three (1G+1L+1O),11.543788819875775,cn6
Degraded,Mixture of nine (3G+3L+3O),14.008904109589041,cn6
Equilibrium,SG - P. clandestinum,19.133040935672515,cn6
Equilibrium,SL - A. glucameus,12.681014150943398,cn6
Equilibrium,SO - D. nagchana,12.448482932996207,cn6
Equilibrium,Mixture of three (1G+1L+1O),12.28405973788479,cn6
Equilibrium,Mixture of nine (3G+3L+3O),13.518455807653234,cn6
Equilibrium,SG - P. clandestinum,27.825802226588085,cn6
Equilibrium,SL - A. glucameus,11.508544795442775,cn6
Equilibrium,SO - D. nagchana,13.748232918209355,cn6
Equilibrium,Mixture of three (1G+1L+1O),12.810313630880579,cn6
Equilibrium,Mixture of nine (3G+3L+3O),13.673765730880929,cn6
Degraded,SG - P. clandestinum,18.23443546212155,ln6
Degraded,SL - A. glucameus,13.869457228395044,ln6
Degraded,SO - D. nagchana,15.750901194486836,ln6
Degraded,Mixture of three (1G+1L+1O),13.71326893369035,ln6
Degraded,Mixture of nine (3G+3L+3O),16.66818490831125,ln6
Degraded,SG - P. clandestinum,6.7722346642002575,ln6
Degraded,SL - A. glucameus,4.991448494651416,ln6
Degraded,SO - D. nagchana,6.19789273274148,ln6
Degraded,Mixture of three (1G+1L+1O),6.33983899817907,ln6
Degraded,Mixture of nine (3G+3L+3O),6.789212212411562,ln6
Equilibrium,SG - P. clandestinum,13.426548307295462,ln6
Equilibrium,SL - A. glucameus,7.4617821478395285,ln6
Equilibrium,SO - D. nagchana,9.604257273513488,ln6
Equilibrium,Mixture of three (1G+1L+1O),6.748970331244296,ln6
Equilibrium,Mixture of nine (3G+3L+3O),8.084140849195792,ln6
Equilibrium,SG - P. clandestinum,14.235063778461956,ln6
Equilibrium,SL - A. glucameus,8.869505689898155,ln6
Equilibrium,SO - D. nagchana,10.65998564288629,ln6
Equilibrium,Mixture of three (1G+1L+1O),8.973323270245519,ln6
Equilibrium,Mixture of nine (3G+3L+3O),13.11981919690901,ln6
Degraded,SG - P. clandestinum,4.749411458236793,ln6
Degraded,SL - A. glucameus,3.6034819614346656,ln6
Degraded,SO - D. nagchana,5.780349923518949,ln6
Degraded,Mixture of three (1G+1L+1O),4.4766271201211145,ln6
Degraded,Mixture of nine (3G+3L+3O),5.410872085974638,ln6
Degraded,SG - P. clandestinum,6.496181345974501,ln6
Degraded,SL - A. glucameus,4.623139648012841,ln6
Degraded,SO - D. nagchana,5.5326336030101775,ln6
Degraded,Mixture of three (1G+1L+1O),5.698016417456242,ln6
Degraded,Mixture of nine (3G+3L+3O),6.525067584746885,ln6
Equilibrium,SG - P. clandestinum,6.845171357283236,ln6
Equilibrium,SL - A. glucameus,3.642546604785348,ln6
Equilibrium,SO - D. nagchana,5.516793289720986,ln6
Equilibrium,Mixture of three (1G+1L+1O),4.663105469820664,ln6
Equilibrium,Mixture of nine (3G+3L+3O),6.633186677242804,ln6
Equilibrium,SG - P. clandestinum,5.212059674944362,ln6
Equilibrium,SL - A. glucameus,3.9589408308738476,ln6
Equilibrium,SO - D. nagchana,5.910052976773746,ln6
Equilibrium,Mixture of three (1G+1L+1O),3.9215712444069064,ln6
Equilibrium,Mixture of nine (3G+3L+3O),5.637639711739206,ln6
